student_id,gender,study_hours_per_week,attendance_rate,sleep_hours,previous_gpa,extracurricular_hours,parental_support,internet_access,study_group,final_score,grade
1,Female,9.1,100.0,8.6,3.62,1.3,Low,Yes,No,77.4,B
2,Male,9.8,99.8,9.0,3.12,2.0,High,Yes,Yes,80.7,B
3,Female,29.7,96.2,7.7,2.31,0.2,Medium,Yes,Yes,79.6,B
4,Female,25.8,81.1,5.3,3.54,4.9,Medium,Yes,No,82.1,B
5,Male,12.5,76.2,7.4,2.0,1.4,Medium,Yes,No,70.2,B
6,Female,12.8,92.9,7.9,3.86,3.6,High,Yes,No,78.0,B
7,Female,8.1,74.0,7.7,3.02,2.3,Low,Yes,No,58.3,C
8,Female,3.6,82.6,,1.31,2.6,Medium,Yes,Yes,51.8,D
9,Male,14.3,83.9,7.3,2.7,3.0,Medium,No,Yes,71.0,B
10,Male,9.0,100.0,6.7,3.29,0.9,Medium,Yes,No,77.4,B
11,Male,14.5,81.5,6.0,2.76,4.8,High,Yes,Yes,70.5,B
12,Female,5.4,60.6,4.3,3.33,0.0,High,No,No,49.1,D
13,Female,10.4,90.0,7.2,2.39,0.2,High,Yes,Yes,67.2,C
14,Female,15.9,78.0,7.0,2.12,4.0,Low,Yes,No,64.7,C
15,Male,17.2,85.4,,2.86,8.2,Low,Yes,No,70.2,B
16,Male,17.5,84.1,5.1,2.92,0.9,Low,No,Yes,65.2,C
17,Female,7.1,82.3,7.6,2.69,0.5,High,Yes,No,65.0,C
18,Male,20.1,92.9,9.5,3.64,2.0,High,Yes,No,89.0,A
19,Female,10.2,69.7,6.9,2.39,0.4,High,Yes,Yes,67.0,C
20,Female,18.8,79.8,6.7,3.09,0.1,Medium,Yes,Yes,76.0,B
21,Female,14.9,91.8,7.2,2.94,2.0,High,No,No,72.0,B
22,Male,6.7,78.9,9.4,1.97,0.3,Medium,Yes,No,62.8,C
23,Female,13.1,68.9,5.5,2.11,2.8,High,Yes,No,65.2,C
24,Female,17.2,91.7,7.1,2.91,1.4,Medium,No,No,64.9,C
25,Female,18.7,96.2,5.8,4.0,7.9,Low,Yes,Yes,82.2,B
26,Male,14.2,84.6,6.1,3.25,2.5,Low,Yes,Yes,73.4,B
27,Male,24.2,65.4,6.7,1.86,3.7,High,Yes,No,73.4,B
28,Male,21.0,92.1,8.6,1.03,1.9,Medium,Yes,No,67.2,C
29,Male,13.5,68.4,9.1,3.34,3.1,Medium,Yes,No,66.2,C
30,Female,19.5,88.1,7.4,2.84,5.0,Medium,Yes,Yes,72.2,B
31,Female,26.6,76.1,6.3,3.58,2.0,Medium,Yes,No,76.5,B
32,Female,26.8,73.4,10.0,2.37,2.0,High,Yes,No,77.5,B
33,Male,7.6,80.6,6.2,3.11,0.5,Low,Yes,Yes,63.7,C
34,Male,9.4,83.2,6.1,3.41,0.1,Low,Yes,No,60.7,C
35,Male,23.9,78.6,4.5,2.63,1.0,High,Yes,No,68.0,C
36,Male,8.7,90.9,8.6,2.64,2.2,Medium,Yes,Yes,60.1,C
37,Male,7.1,80.5,8.1,2.92,4.4,Low,Yes,Yes,51.1,D
38,Male,12.1,94.8,9.9,3.23,2.0,Low,Yes,Yes,73.2,B
39,Male,17.5,87.8,5.0,2.89,8.4,Low,Yes,No,79.8,B
40,Female,14.4,78.0,8.7,3.48,2.9,Medium,Yes,Yes,83.3,B
41,Male,11.1,76.3,6.9,2.62,5.3,Low,Yes,Yes,59.6,C
42,Female,11.0,68.5,7.8,2.1,16.9,Low,No,Yes,59.4,C
43,Female,10.7,87.9,4.7,4.0,7.1,High,Yes,Yes,72.6,B
44,Male,9.7,81.5,8.7,2.54,9.0,High,Yes,Yes,66.3,C
45,Female,28.7,61.3,7.8,2.56,1.6,High,Yes,No,68.9,C
46,Female,16.8,79.6,6.7,2.86,0.5,Medium,Yes,Yes,69.9,C
47,Male,20.3,76.0,7.6,2.94,1.3,Medium,Yes,Yes,72.7,B
48,Male,12.1,100.0,5.8,2.67,0.3,High,Yes,Yes,75.0,B
49,Female,13.9,68.0,6.0,2.89,0.4,High,Yes,No,70.8,B
50,Male,10.7,70.6,6.2,2.88,0.1,Medium,Yes,Yes,63.6,C
51,Male,0.0,96.1,,3.0,0.0,Medium,Yes,No,62.8,C
52,Male,6.7,98.6,7.9,1.49,6.9,Medium,Yes,No,57.5,C
53,Female,4.1,77.6,8.3,4.0,10.5,Medium,No,No,62.6,C
54,Female,1.5,78.7,5.9,2.81,3.4,Medium,Yes,Yes,55.3,C
55,Female,7.8,91.2,7.3,3.25,2.6,Low,Yes,No,70.2,B
56,Female,22.9,61.7,6.5,2.07,2.0,High,Yes,No,65.8,C
57,Male,14.7,66.4,7.2,2.62,10.9,Medium,Yes,Yes,60.0,C
58,Female,22.7,82.2,6.0,2.5,1.2,Medium,Yes,No,70.4,B
59,Male,17.5,100.0,5.7,3.78,4.6,Low,Yes,No,71.3,B
60,Male,19.7,80.6,8.2,2.55,0.8,High,Yes,Yes,82.6,B
61,Female,9.6,86.0,6.7,3.35,0.8,High,Yes,Yes,71.8,B
62,Male,18.1,96.3,9.4,2.51,3.7,Low,Yes,No,74.8,B
63,Female,19.4,100.0,6.9,2.63,4.3,Medium,Yes,Yes,81.4,B
64,Female,11.5,79.2,5.6,2.75,0.4,Medium,Yes,No,60.6,C
65,Female,18.4,84.8,8.4,3.67,3.2,High,Yes,Yes,83.1,B
66,Female,18.4,100.0,7.6,1.77,3.0,Low,Yes,Yes,70.6,B
67,Female,11.7,69.8,7.7,2.11,0.7,High,Yes,Yes,65.8,C
68,Male,8.3,95.3,8.3,1.73,7.7,Medium,Yes,Yes,67.6,C
69,Male,7.9,74.8,6.0,2.25,2.0,Low,Yes,No,50.6,D
70,Male,15.5,86.0,6.6,2.41,1.3,Low,No,No,63.1,C
71,Male,17.0,82.6,6.6,1.93,1.2,Low,Yes,No,59.5,C
72,Male,10.2,75.4,5.1,2.46,1.3,Medium,Yes,No,63.0,C
73,Female,15.2,75.2,6.5,1.69,0.2,Medium,Yes,No,64.4,C
74,Male,18.4,87.8,8.5,2.29,4.2,High,Yes,Yes,78.6,B
75,Male,18.7,95.0,7.1,3.62,8.9,Low,Yes,Yes,80.9,B
76,Male,24.3,83.7,5.1,3.14,6.5,High,Yes,No,82.2,B
77,Male,22.7,85.7,4.8,3.01,1.4,Low,No,No,69.7,C
78,Female,9.0,90.7,9.0,2.3,3.8,Medium,Yes,No,73.5,B
79,Female,25.1,75.3,6.7,1.98,1.2,High,No,No,66.7,C
80,Female,11.8,92.4,6.0,2.22,0.5,High,Yes,No,68.7,C
81,Female,21.3,93.2,6.4,2.87,1.4,Medium,Yes,Yes,80.6,B
82,Male,15.4,100.0,4.9,3.42,1.4,High,Yes,No,76.0,B
83,Female,12.5,81.2,8.7,3.44,0.6,Low,Yes,No,63.5,C
84,Male,4.2,80.4,6.3,3.28,1.5,Low,Yes,No,64.3,C
85,Male,14.0,92.7,8.6,2.46,1.8,Medium,Yes,Yes,70.7,B
86,Male,5.6,93.2,6.9,2.91,0.9,Low,Yes,Yes,59.9,C
87,Female,20.8,79.6,8.7,2.71,0.2,Medium,Yes,No,74.4,B
88,Male,24.1,81.0,7.1,2.78,0.8,Low,Yes,No,77.1,B
89,Male,10.2,90.4,7.9,4.0,6.2,High,Yes,No,73.0,B
90,Male,16.8,76.7,7.7,1.84,2.4,High,Yes,No,71.6,B
91,Male,10.6,80.9,7.6,2.76,1.1,High,No,Yes,55.7,C
92,Female,11.2,85.9,7.3,3.63,0.9,High,Yes,Yes,75.6,B
93,Male,19.6,95.0,6.5,2.02,3.1,Low,Yes,No,75.1,B
94,Male,14.8,79.0,9.3,2.51,0.6,Low,Yes,Yes,65.2,C
95,Male,25.4,66.6,5.6,2.58,0.7,Medium,Yes,No,69.2,C
96,Female,12.1,65.8,6.8,2.77,5.3,Medium,Yes,No,67.9,C
97,Male,21.0,72.4,6.8,1.94,1.7,Medium,Yes,Yes,58.8,C
98,Male,15.6,71.9,7.3,3.26,0.5,Medium,Yes,Yes,71.7,B
99,Male,19.8,83.5,6.2,3.3,0.1,Medium,Yes,Yes,75.8,B
100,Female,12.3,73.1,7.2,3.21,10.1,Low,Yes,Yes,77.3,B
101,Female,14.7,78.0,6.6,2.38,0.0,Medium,No,No,55.2,C
102,Female,14.3,77.3,4.7,2.95,2.2,Medium,No,Yes,62.7,C
103,Male,10.0,80.6,6.8,2.36,3.0,Medium,Yes,Yes,60.9,C
104,Female,19.0,98.2,5.4,2.7,2.3,High,Yes,Yes,73.0,B
105,Female,18.9,91.6,4.5,4.0,1.4,Medium,Yes,Yes,85.1,A
106,Female,18.6,85.2,7.0,2.96,5.5,High,Yes,No,76.8,B
107,Male,24.2,80.4,7.4,2.19,6.1,High,Yes,No,72.1,B
108,Male,23.7,80.7,7.5,3.01,1.5,Low,Yes,No,69.9,C
109,Male,12.8,88.3,7.5,2.09,2.0,Medium,Yes,No,63.0,C
110,Female,17.2,90.8,4.3,2.18,2.1,Medium,Yes,Yes,65.9,C
111,Male,11.3,75.9,5.0,2.28,3.2,Medium,Yes,No,55.7,C
112,Male,15.1,85.4,9.4,2.63,0.6,Low,No,Yes,63.9,C
113,Male,11.4,64.7,5.4,3.46,0.2,High,No,No,63.1,C
114,Female,24.7,87.1,7.6,3.25,1.6,High,Yes,Yes,79.8,B
115,Male,17.2,92.6,5.9,3.21,0.3,Low,Yes,No,71.6,B
116,Female,13.7,82.2,6.9,2.24,1.8,Low,Yes,Yes,64.6,C
117,Female,22.2,100.0,6.0,2.58,4.5,Low,Yes,No,70.0,B
118,Female,2.0,76.2,7.5,3.06,1.7,High,Yes,Yes,66.5,C
119,Male,2.9,87.2,7.0,2.52,2.2,Medium,No,No,67.8,C
120,Female,19.8,84.6,6.2,2.73,2.6,Low,Yes,Yes,79.6,B
121,Female,15.4,84.0,5.4,3.16,3.8,High,Yes,No,69.5,C
122,Female,16.5,83.9,7.1,2.69,2.4,Medium,No,No,61.9,C
123,Male,7.0,86.1,5.2,3.04,1.6,Medium,Yes,Yes,62.3,C
124,Male,14.9,93.5,7.4,3.86,1.5,Medium,Yes,Yes,84.4,B
125,Male,27.0,98.8,10.0,2.8,0.6,Medium,Yes,Yes,81.2,B
126,Male,19.9,85.0,8.6,3.61,1.5,Medium,Yes,No,79.6,B
127,Male,16.0,93.2,,3.24,4.0,Medium,Yes,No,84.9,B
128,Male,12.4,78.0,6.7,2.02,1.4,Medium,Yes,Yes,63.2,C
129,Male,12.6,92.7,4.3,2.24,1.2,High,Yes,Yes,72.2,B
130,Female,2.2,77.4,5.1,2.4,2.2,Medium,Yes,Yes,61.1,C
131,Male,16.5,95.9,8.5,2.39,0.5,High,Yes,Yes,73.3,B
132,Female,20.1,100.0,5.8,2.85,0.2,Medium,Yes,No,79.6,B
133,Female,5.5,83.8,5.9,3.27,3.5,High,No,Yes,63.4,C
134,Male,11.0,63.1,6.6,3.65,0.9,Medium,Yes,Yes,74.9,B
135,Female,8.1,79.5,5.4,3.08,0.8,High,Yes,No,65.3,C
136,Male,9.2,97.3,5.2,2.63,5.6,Medium,Yes,No,65.7,C
137,Female,15.3,90.5,6.7,1.65,6.5,Low,Yes,No,57.4,C
138,Male,2.5,87.5,5.6,2.94,1.9,Low,Yes,Yes,57.6,C
139,Female,18.7,95.1,5.8,2.92,2.7,Low,Yes,No,69.1,C
140,Male,19.5,89.8,5.8,3.01,9.1,High,Yes,No,67.5,C
141,Male,13.5,97.2,7.5,4.0,1.4,High,Yes,No,81.1,B
142,Male,0.1,94.2,6.5,3.64,5.3,High,Yes,Yes,71.4,B
143,Female,9.0,100.0,6.6,3.37,3.6,Low,Yes,No,73.9,B
144,Female,22.4,88.6,7.6,2.32,8.1,High,Yes,No,78.7,B
145,Male,0.0,94.1,6.6,2.59,0.7,High,Yes,No,61.5,C
146,Male,12.9,81.9,6.4,2.84,4.4,Medium,Yes,No,66.4,C
147,Male,7.9,79.0,7.4,2.43,0.5,Medium,Yes,No,61.3,C
148,Female,19.8,100.0,7.7,3.2,4.4,Medium,Yes,No,86.0,A
149,Male,10.9,87.2,6.6,3.11,1.0,Low,Yes,No,62.7,C
150,Male,17.4,93.0,6.9,2.25,0.2,Medium,Yes,Yes,67.4,C
151,Female,18.4,86.2,5.8,3.62,4.7,High,Yes,Yes,76.0,B
152,Female,26.0,79.1,5.7,2.96,0.1,Low,Yes,No,64.4,C
153,Male,13.8,85.1,7.8,1.86,5.0,Medium,Yes,No,66.4,C
154,Female,17.3,99.4,7.4,2.87,0.6,Medium,Yes,No,75.5,B
155,Male,6.1,90.6,7.4,3.07,2.2,High,Yes,No,76.9,B
156,Female,22.1,67.9,7.2,3.48,0.1,High,Yes,No,81.5,B
157,Male,10.4,82.8,6.9,2.7,0.2,High,Yes,No,79.5,B
158,Female,11.6,100.0,7.7,3.4,0.8,Medium,Yes,Yes,76.3,B
159,Female,14.9,82.9,8.0,3.01,1.2,Medium,Yes,No,70.0,B
160,Female,5.6,67.0,8.0,2.11,0.5,Medium,Yes,Yes,52.7,D
161,Male,16.4,100.0,6.7,2.05,0.3,Medium,Yes,No,71.9,B
162,Female,20.8,91.8,8.6,3.57,0.4,Low,Yes,No,77.6,B
163,Male,16.8,84.3,7.1,3.62,1.8,Medium,Yes,Yes,80.0,B
164,Male,5.5,81.3,7.6,3.09,0.2,High,Yes,Yes,65.0,C
165,Female,14.3,95.8,7.2,3.8,6.5,Medium,Yes,Yes,82.1,B
166,Male,19.5,79.6,7.1,3.53,6.6,High,Yes,No,80.7,B
167,Female,3.7,96.5,5.8,3.31,0.2,Medium,Yes,No,68.5,C
168,Female,8.6,90.4,7.7,2.35,3.3,Medium,Yes,Yes,64.1,C
169,Male,20.3,87.4,,3.94,3.1,Low,Yes,No,85.1,A
170,Female,16.6,86.5,,3.22,2.2,Low,Yes,Yes,80.8,B
171,Male,17.5,83.3,6.9,2.67,0.8,Medium,Yes,No,64.6,C
172,Male,26.2,95.5,6.2,2.5,2.2,Medium,Yes,No,79.1,B
173,Male,17.8,76.3,6.2,3.05,5.1,Low,Yes,Yes,56.7,C
174,Female,18.9,68.8,8.8,1.9,0.9,Low,Yes,Yes,65.7,C
175,Male,31.3,91.1,5.9,3.32,4.2,Low,No,No,67.5,C
176,Male,13.7,91.3,6.2,2.33,1.7,High,No,No,63.6,C
177,Male,10.2,89.8,,3.12,5.9,High,Yes,Yes,68.0,C
178,Female,17.6,89.1,5.8,2.59,2.6,Medium,Yes,No,69.1,C
179,Female,17.6,81.8,4.6,2.74,4.7,Low,Yes,No,69.7,C
180,Female,11.8,92.9,7.6,2.45,8.1,Low,Yes,Yes,59.9,C
181,Female,8.8,84.5,10.0,2.8,1.5,Low,Yes,No,64.0,C
182,Female,28.9,80.1,6.3,4.0,3.0,Medium,Yes,No,81.0,B
183,Male,17.0,81.9,4.6,3.73,9.5,Low,Yes,Yes,81.4,B
184,Male,10.6,100.0,8.0,3.11,14.9,Medium,Yes,No,78.5,B
185,Female,20.5,67.7,5.9,2.88,2.2,High,Yes,Yes,67.9,C
186,Female,14.3,90.0,8.5,3.41,7.7,Medium,Yes,Yes,76.2,B
187,Male,13.5,68.2,6.4,3.58,1.2,High,Yes,Yes,80.8,B
188,Male,18.4,83.9,6.0,2.4,1.4,Low,Yes,No,68.3,C
189,Female,7.2,80.7,6.6,2.85,7.4,Medium,Yes,No,61.8,C
190,Male,17.1,64.1,7.8,1.81,2.7,High,Yes,No,63.1,C
191,Female,26.5,88.9,6.5,3.57,4.8,Medium,Yes,Yes,82.4,B
192,Male,17.8,81.2,6.2,4.0,1.2,Medium,Yes,No,74.5,B
193,Male,12.7,64.0,6.5,2.95,4.4,High,Yes,No,60.4,C
194,Female,12.0,93.4,5.1,1.62,5.1,Medium,Yes,Yes,60.7,C
195,Male,12.5,99.4,7.3,3.27,1.3,Medium,Yes,Yes,82.3,B
196,Male,13.5,99.9,4.5,2.36,1.9,Medium,Yes,No,65.9,C
197,Female,12.7,88.6,6.2,2.5,1.1,Low,No,Yes,60.8,C
198,Female,20.5,85.5,7.8,3.28,5.9,Low,Yes,No,75.1,B
199,Male,4.6,98.3,7.2,3.05,3.2,Low,Yes,No,76.0,B
200,Male,20.2,100.0,7.6,2.61,0.5,High,Yes,Yes,79.5,B
201,Female,12.7,96.3,6.7,2.51,8.4,Medium,Yes,No,75.6,B
202,Female,17.3,75.6,8.3,2.98,2.9,Medium,Yes,No,68.7,C
203,Male,8.2,87.0,8.0,2.65,1.3,Low,Yes,No,62.2,C
204,Male,23.0,89.4,7.4,2.23,2.7,Medium,Yes,No,72.3,B
205,Male,22.5,66.9,8.0,2.7,0.7,High,Yes,No,69.4,C
206,Male,20.8,89.7,7.8,3.1,1.0,Medium,Yes,No,75.3,B
207,Male,5.9,100.0,6.2,2.79,5.2,Medium,Yes,Yes,73.8,B
208,Female,20.0,91.4,5.1,2.05,1.0,High,Yes,No,67.1,C
209,Male,17.4,99.7,,3.49,10.5,High,Yes,Yes,85.5,A
210,Male,5.4,86.8,7.5,1.26,0.7,High,Yes,No,62.0,C
211,Female,14.9,84.3,8.2,2.63,6.0,Medium,Yes,No,66.9,C
212,Female,17.2,88.8,5.6,2.53,6.1,Low,Yes,Yes,73.6,B
213,Male,18.3,76.8,5.6,2.99,3.4,Medium,Yes,No,70.6,B
214,Female,16.1,75.4,7.4,3.24,0.7,Medium,Yes,Yes,71.7,B
215,Female,16.7,97.7,6.7,3.58,1.3,High,Yes,Yes,73.3,B
216,Female,23.8,98.7,4.3,2.47,2.0,Low,Yes,Yes,70.5,B
217,Male,22.4,75.1,7.3,3.25,4.1,Medium,No,No,72.9,B
218,Male,0.0,94.7,4.4,3.02,10.8,High,Yes,Yes,77.5,B
219,Female,13.1,84.1,5.6,1.87,3.1,High,Yes,No,67.7,C
220,Male,14.0,88.4,8.6,4.0,3.3,Medium,Yes,No,83.9,B
221,Male,4.5,89.6,9.2,2.04,4.2,High,No,Yes,57.9,C
222,Male,15.6,94.9,5.2,3.15,1.7,Low,Yes,No,69.4,C
223,Female,22.5,85.8,6.4,3.13,0.7,Medium,Yes,Yes,82.3,B
224,Female,8.5,99.1,6.9,3.07,6.4,Low,Yes,No,65.0,C
225,Male,17.0,88.1,9.1,2.6,11.4,High,Yes,Yes,83.3,B
226,Female,9.5,91.2,6.2,3.4,4.7,High,Yes,No,78.1,B
227,Male,11.0,76.7,6.2,1.96,0.9,Low,Yes,No,58.1,C
228,Female,23.9,100.0,8.8,2.86,2.8,Low,No,Yes,73.1,B
229,Female,11.7,89.7,6.3,2.56,3.2,Medium,Yes,Yes,64.5,C
230,Male,17.8,92.1,7.7,2.49,1.5,Medium,Yes,Yes,81.1,B
231,Male,3.8,68.9,4.9,3.16,3.1,High,Yes,Yes,68.2,C
232,Male,26.2,76.8,6.6,3.55,9.9,Low,No,No,74.8,B
233,Female,18.6,97.4,4.6,2.69,1.9,High,Yes,No,73.2,B
234,Female,13.9,87.9,5.4,3.37,2.1,Medium,Yes,No,72.2,B
235,Female,18.5,65.9,7.9,2.93,3.3,Medium,Yes,No,70.1,B
236,Female,6.5,95.4,6.7,2.36,2.0,Low,Yes,No,63.5,C
237,Male,22.1,79.6,6.4,2.75,5.2,High,Yes,No,78.9,B
238,Female,13.1,99.1,5.8,2.72,1.5,Medium,Yes,Yes,68.3,C
239,Male,13.8,84.1,6.5,2.48,2.9,Medium,Yes,Yes,61.8,C
240,Male,12.1,87.0,7.2,3.16,4.4,Medium,No,Yes,69.5,C
241,Female,11.5,96.8,8.1,3.04,0.8,High,No,Yes,65.2,C
242,Female,19.2,76.0,3.4,1.95,2.1,High,Yes,Yes,65.2,C
243,Male,16.5,75.1,5.7,1.91,1.9,High,Yes,Yes,64.3,C
244,Female,18.9,83.0,7.0,3.15,1.7,Medium,Yes,Yes,77.3,B
245,Female,14.9,93.3,6.7,2.41,1.4,High,Yes,No,80.8,B
246,Female,18.1,71.7,7.3,3.08,0.6,Medium,Yes,Yes,63.0,C
247,Female,12.5,68.3,7.1,3.37,3.5,High,Yes,Yes,83.4,B
248,Male,28.4,93.2,6.4,2.14,0.3,Medium,Yes,Yes,74.6,B
249,Male,5.6,79.0,6.1,2.05,6.3,Medium,Yes,No,60.8,C
250,Male,22.6,81.1,6.5,3.9,1.2,High,Yes,No,75.8,B
251,Female,23.2,66.4,8.3,3.11,1.0,High,Yes,No,80.4,B
252,Female,9.9,78.2,5.8,2.65,1.2,Medium,Yes,Yes,65.2,C
253,Male,28.4,84.9,6.7,2.34,7.2,Medium,Yes,Yes,76.7,B
254,Male,21.0,94.3,7.0,2.59,1.3,High,Yes,Yes,69.6,C
255,Male,20.8,77.3,8.8,2.19,2.4,High,Yes,Yes,74.1,B
256,Female,15.2,100.0,6.4,3.43,0.4,High,Yes,Yes,84.4,B
257,Female,13.7,78.2,8.0,2.43,5.5,Low,Yes,No,63.1,C
258,Male,13.7,78.2,8.4,3.56,6.5,Medium,No,Yes,77.2,B
259,Male,17.3,100.0,6.7,2.66,0.1,High,No,Yes,78.5,B
260,Female,23.4,87.1,6.5,2.27,1.1,High,Yes,No,71.3,B
261,Male,16.1,79.5,6.4,2.64,0.6,High,No,No,73.6,B
262,Female,9.5,83.4,6.5,1.33,11.4,Medium,Yes,Yes,61.3,C
263,Male,19.9,98.5,7.9,2.83,0.7,Medium,No,Yes,73.9,B
264,Male,20.5,99.7,7.1,2.8,4.1,Medium,No,No,73.2,B
265,Female,18.9,76.8,7.1,3.39,4.7,High,Yes,Yes,79.4,B
266,Male,19.5,84.6,5.3,1.77,8.0,Medium,No,No,50.4,D
267,Male,13.4,85.9,5.5,3.6,1.4,Medium,Yes,No,71.8,B
268,Male,9.4,75.1,9.6,3.39,0.4,High,Yes,Yes,68.2,C
269,Male,9.8,84.4,6.6,3.65,0.3,High,No,No,77.5,B
270,Male,5.2,85.1,,2.87,2.8,Medium,Yes,Yes,72.7,B
271,Male,16.4,96.4,8.7,3.51,3.6,High,Yes,Yes,87.4,A
272,Male,14.5,97.1,7.2,2.02,1.5,Low,Yes,Yes,65.0,C
273,Male,12.4,81.7,7.6,3.33,3.0,Low,Yes,No,64.0,C
274,Female,0.0,82.9,6.6,2.44,2.4,Medium,No,Yes,53.3,D
275,Female,7.5,91.6,6.4,1.91,1.7,Low,No,Yes,64.5,C
276,Male,21.7,79.1,6.6,2.23,3.4,High,Yes,No,68.7,C
277,Male,11.0,90.9,5.0,2.9,0.4,High,No,Yes,57.5,C
278,Male,17.2,84.1,6.7,2.41,0.6,Low,Yes,No,69.5,C
279,Female,6.7,75.3,7.2,3.13,3.6,High,No,No,71.4,B
280,Female,23.6,75.4,9.2,1.82,12.5,Medium,Yes,No,78.4,B
281,Male,14.1,99.5,6.9,1.62,3.1,High,Yes,No,73.4,B
282,Male,16.7,83.4,3.8,3.72,1.7,High,Yes,No,81.8,B
283,Male,29.0,100.0,6.7,3.44,4.4,Medium,Yes,Yes,86.8,A
284,Male,24.1,79.9,10.0,2.27,13.0,Low,Yes,No,63.4,C
285,Female,13.2,87.9,7.9,2.9,1.2,Low,Yes,No,67.7,C
286,Male,11.4,100.0,5.7,3.51,1.2,Medium,Yes,No,77.1,B
287,Male,13.0,74.4,7.6,3.15,0.0,High,Yes,No,70.9,B
288,Male,18.1,66.0,5.8,2.99,1.4,Medium,Yes,No,66.6,C
289,Female,14.4,97.9,5.0,3.56,0.3,Medium,Yes,No,70.5,B
290,Male,12.6,76.7,6.3,2.46,7.1,Low,Yes,Yes,59.5,C
291,Female,23.8,84.8,6.9,2.92,9.2,High,Yes,No,88.4,A
292,Male,14.3,79.1,4.4,2.89,0.5,Medium,Yes,No,74.7,B
293,Female,28.8,87.7,5.3,2.74,12.6,High,Yes,No,81.9,B
294,Male,15.5,75.5,6.8,2.67,2.2,Medium,Yes,Yes,69.9,C
295,Female,25.7,83.2,6.3,2.94,0.1,Medium,Yes,No,70.7,B
296,Female,17.1,89.5,7.3,2.92,8.2,Low,Yes,No,74.4,B
297,Female,20.8,74.9,5.2,2.27,1.4,Medium,Yes,No,74.0,B
298,Female,10.7,78.0,7.7,3.38,5.5,Medium,Yes,No,64.0,C
299,Female,9.9,81.5,5.3,2.31,1.4,High,No,No,62.9,C
300,Female,17.8,70.7,8.9,2.77,0.8,High,Yes,Yes,76.2,B
301,Female,20.9,80.8,4.6,2.72,2.5,Low,Yes,Yes,70.8,B
302,Male,15.2,86.2,5.4,3.11,0.5,Medium,Yes,No,77.9,B
303,Female,7.3,81.0,7.3,1.63,4.4,Low,Yes,No,64.7,C
304,Male,6.8,82.3,9.0,3.43,5.3,Low,Yes,No,66.9,C
305,Female,6.4,84.8,7.2,2.49,0.8,High,Yes,Yes,70.6,B
306,Male,4.4,78.4,7.5,3.63,4.2,High,No,Yes,69.4,C
307,Male,15.7,91.9,6.8,2.61,3.7,High,No,Yes,68.5,C
308,Female,21.8,99.4,5.5,2.87,9.6,Low,Yes,No,76.0,B
309,Male,14.9,80.4,6.2,4.0,0.3,Medium,Yes,No,77.9,B
310,Male,1.4,89.9,5.2,2.73,0.6,Medium,Yes,No,62.3,C
311,Male,13.9,82.6,5.1,3.64,1.4,High,Yes,No,71.1,B
312,Male,14.0,88.7,7.3,2.92,0.7,Medium,No,No,64.7,C
313,Male,27.6,100.0,5.3,3.15,1.6,High,Yes,Yes,83.2,B
314,Male,6.3,90.1,7.2,2.94,0.3,Low,Yes,No,60.0,C
315,Male,12.7,67.3,5.1,3.41,4.6,Medium,Yes,No,68.8,C
316,Male,25.2,89.5,7.2,2.49,3.6,High,Yes,Yes,81.5,B
317,Male,17.7,97.3,6.2,2.31,1.9,Medium,Yes,No,74.8,B
318,Female,18.4,82.8,8.6,2.52,8.5,Medium,Yes,Yes,70.1,B
319,Male,15.7,95.0,7.2,2.96,15.6,Medium,Yes,Yes,75.9,B
320,Female,17.0,78.1,8.4,2.77,1.6,High,Yes,No,80.3,B
321,Female,19.7,70.1,5.8,3.33,8.3,Low,No,No,65.2,C
322,Male,10.1,86.4,6.9,3.68,1.7,High,Yes,Yes,77.3,B
323,Male,20.3,67.4,5.5,2.31,5.1,Medium,Yes,No,64.8,C
324,Female,6.8,82.6,6.3,2.46,5.4,Medium,Yes,Yes,69.6,C
325,Female,17.0,97.9,6.5,2.04,1.3,Medium,Yes,No,73.9,B
326,Female,16.1,65.9,5.9,4.0,3.3,Medium,No,No,73.9,B
327,Female,11.3,72.2,5.2,3.08,1.5,High,Yes,Yes,69.8,C
328,Female,14.9,74.7,5.0,3.19,4.4,High,Yes,No,67.9,C
329,Female,11.3,84.4,3.8,2.1,1.6,High,Yes,No,72.4,B
330,Male,8.6,81.3,5.4,2.9,0.5,High,Yes,No,71.3,B
331,Female,12.9,99.0,7.6,3.21,5.4,Medium,No,Yes,71.0,B
332,Male,8.4,94.5,4.7,2.75,4.4,Medium,Yes,Yes,74.7,B
333,Female,16.9,90.0,5.0,3.55,5.2,High,Yes,No,76.3,B
334,Female,8.1,86.5,9.1,4.0,3.9,Low,Yes,No,79.1,B
335,Male,19.3,88.9,6.0,2.33,5.2,High,Yes,No,79.9,B
336,Female,7.9,76.4,7.2,2.29,0.7,Medium,Yes,No,56.7,C
337,Male,11.6,93.6,7.6,2.37,4.6,Medium,Yes,No,71.1,B
338,Female,11.3,73.9,7.7,3.86,0.8,Medium,Yes,Yes,77.0,B
339,Male,23.0,93.4,4.8,3.53,3.0,Medium,Yes,No,90.7,A
340,Female,17.0,96.9,6.5,2.82,3.1,Low,Yes,No,67.2,C
341,Male,13.7,87.1,4.7,2.92,1.3,Medium,Yes,Yes,76.3,B
342,Female,18.0,83.2,10.0,2.41,3.2,Medium,Yes,Yes,73.0,B
343,Female,2.4,89.0,4.7,3.43,4.6,Low,Yes,No,57.8,C
344,Female,14.7,56.4,5.4,2.67,2.3,Low,Yes,No,57.9,C
345,Female,27.0,88.0,5.4,2.74,0.4,Medium,Yes,No,75.1,B
346,Female,15.8,83.9,4.9,3.27,1.0,Medium,Yes,Yes,67.6,C
347,Female,15.4,84.5,8.6,2.79,4.7,High,Yes,No,76.2,B
348,Male,18.3,92.1,9.9,2.76,2.0,Low,Yes,Yes,78.1,B
349,Female,20.4,84.3,6.2,2.91,1.5,Medium,Yes,Yes,75.1,B
350,Male,3.0,73.6,5.1,3.38,7.4,Low,Yes,No,58.6,C
351,Female,4.9,83.6,3.9,3.89,1.7,Medium,No,No,63.3,C
352,Male,16.3,85.7,6.5,3.25,10.9,Medium,Yes,No,75.2,B
353,Female,10.7,86.1,6.4,3.38,3.7,Medium,Yes,No,72.1,B
354,Female,22.9,86.6,6.0,2.78,6.5,Medium,No,No,75.7,B
355,Male,13.1,95.4,7.1,2.48,1.8,Medium,Yes,Yes,71.9,B
356,Female,3.4,74.1,7.3,3.29,5.5,Low,Yes,Yes,57.3,C
357,Female,7.4,86.8,7.2,3.0,1.0,Medium,Yes,No,64.7,C
358,Female,0.0,97.9,6.4,2.05,1.2,Medium,Yes,No,60.0,C
359,Male,13.6,67.7,5.4,2.7,4.1,Medium,Yes,Yes,70.5,B
360,Female,13.9,86.8,7.7,2.85,0.4,Medium,Yes,Yes,77.4,B
361,Female,12.5,79.1,,2.59,1.4,High,Yes,Yes,78.1,B
362,Male,21.5,81.3,8.0,3.79,3.6,Medium,Yes,Yes,81.8,B
363,Male,22.2,76.0,7.8,3.19,8.9,Low,Yes,No,77.0,B
364,Male,14.0,83.3,5.0,3.72,0.9,Medium,Yes,Yes,67.5,C
365,Female,2.2,100.0,4.9,3.06,5.7,Low,Yes,No,65.9,C
366,Male,18.7,72.4,5.8,2.95,2.3,Medium,Yes,No,64.3,C
367,Female,18.3,73.3,5.4,2.34,13.8,High,Yes,No,70.8,B
368,Female,16.9,72.0,7.8,2.91,6.9,High,No,No,83.1,B
369,Male,20.9,100.0,7.3,2.91,2.7,Medium,Yes,Yes,80.3,B
370,Female,8.0,80.4,8.2,2.08,4.9,Low,Yes,Yes,57.0,C
371,Female,27.1,84.7,7.3,2.58,0.1,High,Yes,Yes,81.2,B
372,Male,9.2,81.0,7.1,2.71,6.2,Low,Yes,Yes,62.5,C
373,Male,19.5,75.6,8.4,3.15,1.1,Medium,Yes,Yes,70.4,B
374,Male,4.9,82.6,7.4,3.18,4.6,High,Yes,Yes,81.0,B
375,Male,9.4,100.0,6.9,2.55,2.7,Medium,Yes,Yes,75.0,B
376,Male,24.1,98.9,8.7,3.18,1.3,Low,Yes,Yes,81.5,B
377,Female,13.4,76.5,6.9,2.79,8.2,Medium,No,No,62.8,C
378,Male,20.0,91.5,6.4,1.18,0.1,Medium,Yes,Yes,63.5,C
379,Male,16.4,76.7,5.7,2.61,1.7,Low,Yes,Yes,72.0,B
380,Female,14.4,67.2,7.7,3.55,1.3,Medium,Yes,No,71.8,B
381,Female,23.2,95.2,8.4,1.89,0.9,Medium,Yes,Yes,59.6,C
382,Female,13.6,96.6,6.7,2.97,2.9,Medium,Yes,No,83.5,B
383,Female,4.3,95.5,8.5,3.85,2.9,Low,No,No,67.8,C
384,Male,10.2,80.3,4.2,2.44,2.5,High,Yes,No,66.5,C
385,Male,18.3,83.3,6.7,2.9,3.4,Medium,No,Yes,74.4,B
386,Female,17.4,92.5,6.7,2.12,1.0,High,Yes,No,73.4,B
387,Female,5.6,88.9,5.9,3.88,9.7,Medium,Yes,No,76.4,B
388,Female,10.7,81.1,9.9,2.85,0.2,Low,Yes,Yes,65.4,C
389,Male,11.5,68.8,6.7,2.93,8.1,Medium,No,Yes,58.4,C
390,Female,12.8,86.1,6.3,3.71,0.2,Medium,Yes,Yes,76.1,B
391,Female,6.7,95.8,6.8,3.3,1.3,Medium,Yes,No,76.8,B
392,Male,11.2,73.0,4.2,2.37,2.1,High,Yes,Yes,61.9,C
393,Female,10.6,91.4,,2.51,0.7,High,Yes,Yes,67.1,C
394,Female,19.6,88.3,8.1,3.2,1.8,High,Yes,No,84.8,B
395,Male,19.9,92.5,6.0,2.53,1.6,Medium,Yes,No,69.6,C
396,Male,14.1,93.7,5.7,1.63,3.8,Medium,Yes,Yes,63.3,C
397,Female,12.6,78.1,8.5,2.87,1.5,Medium,Yes,Yes,68.3,C
398,Male,15.8,68.8,8.5,2.01,1.9,Medium,Yes,No,63.0,C
399,Male,10.1,79.7,7.5,3.87,1.2,High,Yes,No,68.5,C
400,Male,8.1,93.9,6.2,3.01,13.6,High,Yes,No,72.1,B
401,Male,9.4,79.6,6.5,2.36,0.8,Medium,Yes,No,63.2,C
402,Female,11.2,78.1,5.8,2.48,1.9,High,Yes,Yes,68.8,C
403,Female,8.0,66.8,5.5,1.77,3.0,High,No,Yes,60.6,C
404,Male,16.0,100.0,5.4,2.24,1.4,Medium,Yes,Yes,78.7,B
405,Female,19.4,93.3,6.0,3.51,0.1,High,Yes,Yes,88.4,A
406,Female,5.5,92.7,5.5,4.0,2.6,Low,Yes,No,73.5,B
407,Male,15.2,94.7,4.8,3.34,1.9,Low,Yes,No,69.8,C
408,Female,13.7,90.8,7.1,2.84,0.1,Medium,Yes,Yes,68.9,C
409,Male,17.0,82.6,7.1,2.64,2.6,Medium,Yes,No,69.8,C
410,Female,14.9,83.4,9.0,2.33,0.9,Medium,Yes,Yes,72.1,B
411,Female,6.3,80.7,5.9,4.0,4.0,High,Yes,No,77.6,B
412,Female,7.4,100.0,7.2,2.79,0.1,Medium,Yes,Yes,72.9,B
413,Male,15.2,90.6,7.2,4.0,1.7,Medium,Yes,No,77.9,B
414,Female,21.2,80.4,6.5,3.74,1.0,Medium,Yes,Yes,82.2,B
415,Male,1.7,89.7,7.8,1.86,0.2,Low,Yes,No,60.7,C
416,Male,17.1,74.9,7.8,2.5,6.5,High,Yes,No,75.7,B
417,Male,22.1,100.0,7.2,2.5,1.9,Medium,Yes,No,75.3,B
418,Female,14.1,78.4,6.5,2.85,1.4,High,No,No,62.9,C
419,Male,18.3,90.0,6.3,2.86,4.7,Medium,Yes,Yes,70.9,B
420,Female,10.8,95.7,5.0,4.0,1.8,Low,No,No,65.4,C
421,Female,14.3,88.8,5.8,2.25,3.2,Low,Yes,Yes,66.0,C
422,Male,5.3,85.9,6.0,3.04,1.9,Low,Yes,No,64.6,C
423,Male,0.9,85.1,5.3,3.27,1.7,High,Yes,Yes,61.7,C
424,Male,20.7,84.4,7.4,2.9,3.3,Medium,Yes,Yes,73.3,B
425,Female,9.1,79.2,8.4,2.97,0.1,Medium,Yes,No,68.0,C
426,Female,12.3,80.5,5.6,2.27,1.9,Low,Yes,Yes,57.5,C
427,Male,6.7,99.8,7.2,2.96,9.5,High,No,No,72.5,B
428,Female,6.5,83.9,5.5,3.21,0.4,Low,Yes,Yes,62.9,C
429,Male,14.0,77.1,6.4,3.1,5.3,High,Yes,No,69.4,C
430,Female,10.6,79.8,5.9,3.24,0.8,High,Yes,No,71.0,B
431,Female,17.3,96.0,7.6,3.75,6.4,Medium,Yes,No,82.5,B
432,Female,17.7,91.8,5.9,3.46,0.5,Medium,Yes,Yes,73.2,B
433,Female,16.9,90.6,8.1,2.94,1.5,Low,Yes,Yes,71.2,B
434,Female,16.4,82.4,6.5,2.2,2.7,Medium,Yes,Yes,69.8,C
435,Male,24.5,90.7,6.0,2.54,11.9,High,Yes,Yes,77.5,B
436,Male,8.6,78.6,5.2,2.77,0.9,Medium,Yes,No,55.5,C
437,Male,14.7,82.4,7.1,3.05,4.3,High,No,Yes,64.9,C
438,Male,21.8,94.7,8.0,2.61,1.4,Medium,Yes,Yes,74.8,B
439,Female,22.6,93.7,7.2,2.34,4.9,Low,Yes,Yes,66.6,C
440,Female,6.5,75.2,9.7,2.19,3.2,High,No,No,59.2,C
441,Female,13.1,76.4,8.7,1.91,0.3,Medium,Yes,Yes,71.5,B
442,Male,23.1,86.1,6.4,2.76,2.4,Low,Yes,Yes,66.2,C
443,Female,18.0,100.0,6.4,2.02,0.5,Medium,Yes,No,68.0,C
444,Male,16.2,65.8,7.4,2.3,1.0,Medium,Yes,Yes,74.5,B
445,Male,13.7,87.8,5.7,2.66,2.6,High,No,No,68.9,C
446,Female,12.7,71.2,8.3,2.1,0.6,Low,Yes,Yes,58.9,C
447,Female,16.7,78.7,7.3,3.13,8.1,High,Yes,No,75.4,B
448,Female,13.5,81.4,7.1,3.34,1.8,Medium,No,No,69.5,C
449,Male,14.7,80.8,7.7,2.57,2.3,Medium,Yes,No,75.7,B
450,Female,15.5,79.7,,2.64,2.4,Low,No,No,60.3,C
451,Male,10.9,85.1,7.0,3.22,1.5,High,Yes,No,69.6,C
452,Female,18.2,79.6,6.7,2.47,1.3,Medium,Yes,No,61.8,C
453,Female,32.5,70.4,8.8,2.43,3.0,Medium,Yes,No,76.2,B
454,Male,4.3,92.8,8.1,3.62,6.0,Low,Yes,No,63.1,C
455,Male,16.9,92.5,6.4,3.43,4.2,Medium,Yes,No,74.3,B
456,Male,10.4,93.4,6.8,3.26,0.6,High,Yes,No,70.4,B
457,Female,18.5,69.6,7.1,3.46,6.7,Medium,Yes,Yes,79.9,B
458,Male,15.3,88.0,7.3,1.71,3.7,High,Yes,Yes,67.0,C
459,Female,19.6,91.8,5.0,3.71,6.5,Low,Yes,Yes,79.2,B
460,Female,22.1,74.7,4.8,3.14,1.3,Low,Yes,Yes,62.8,C
461,Female,16.2,85.1,5.6,3.51,6.7,Medium,Yes,No,75.4,B
462,Male,21.8,83.8,5.5,3.13,0.7,High,No,Yes,68.9,C
463,Female,0.9,100.0,6.0,2.93,4.9,Medium,Yes,No,64.2,C
464,Male,24.5,100.0,7.6,2.73,1.8,Medium,No,No,84.4,B
465,Female,17.3,68.4,6.6,3.12,0.0,Medium,Yes,No,72.7,B
466,Female,21.5,100.0,,2.71,8.1,Medium,Yes,No,77.2,B
467,Female,7.7,75.8,5.2,3.42,6.9,Medium,Yes,Yes,83.2,B
468,Female,10.0,94.8,6.2,1.95,0.7,High,Yes,Yes,63.6,C
469,Male,15.9,94.7,7.6,2.58,1.1,Medium,Yes,No,76.6,B
470,Male,14.9,75.0,7.6,4.0,4.3,Medium,Yes,No,68.9,C
471,Male,16.7,89.9,5.9,2.52,4.3,Medium,No,No,64.8,C
472,Male,21.5,83.9,7.0,2.76,3.9,Medium,No,No,63.4,C
473,Male,4.4,90.5,9.7,2.37,0.2,Medium,Yes,No,65.5,C
474,Male,20.8,87.3,6.8,3.1,0.7,High,Yes,No,78.1,B
475,Male,15.0,97.0,5.9,2.46,0.4,Low,Yes,No,64.8,C
476,Male,13.8,85.8,6.6,2.79,2.1,High,Yes,No,76.9,B
477,Male,6.2,83.3,6.9,3.41,0.1,Low,Yes,Yes,63.7,C
478,Female,18.0,96.0,6.6,2.48,0.4,High,Yes,Yes,77.3,B
479,Female,0.5,90.8,6.8,3.37,2.7,Low,Yes,Yes,68.8,C
480,Male,18.9,92.3,4.9,3.39,0.5,High,Yes,No,71.4,B
481,Male,6.0,78.4,5.5,3.53,3.9,Medium,No,No,59.8,C
482,Male,15.3,74.5,6.6,2.98,0.3,Low,Yes,Yes,66.8,C
483,Female,14.3,79.3,6.6,4.0,7.2,Medium,No,Yes,76.7,B
484,Male,22.0,78.8,6.1,3.53,0.8,Medium,Yes,No,82.1,B
485,Male,13.9,92.9,6.6,3.09,0.9,Medium,Yes,Yes,72.7,B
486,Male,10.8,94.8,6.9,2.37,0.0,Medium,No,No,61.1,C
487,Male,12.0,83.4,8.0,2.84,4.1,High,Yes,Yes,70.0,B
488,Male,22.6,99.3,6.7,3.76,1.9,High,Yes,Yes,88.6,A
489,Female,18.2,98.7,7.3,3.93,13.3,Medium,Yes,No,83.1,B
490,Female,12.7,87.4,6.1,3.79,0.4,High,Yes,Yes,77.2,B
491,Female,13.6,76.8,7.5,3.37,5.8,Medium,Yes,Yes,73.1,B
492,Female,5.6,100.0,7.3,2.15,0.6,Low,Yes,Yes,64.9,C
493,Female,17.3,84.4,7.9,3.19,2.9,Medium,Yes,Yes,73.3,B
494,Male,4.4,86.3,7.7,2.16,1.1,Low,Yes,Yes,55.8,C
495,Female,19.5,81.6,7.6,2.01,2.0,Medium,Yes,No,69.2,C
496,Female,15.8,76.1,6.7,3.04,0.4,Medium,Yes,Yes,57.0,C
497,Male,29.3,70.3,7.1,3.21,3.2,Medium,Yes,Yes,76.2,B
498,Female,8.4,91.3,8.2,3.44,1.6,Low,No,Yes,61.6,C
499,Male,14.4,77.2,6.0,3.2,0.0,High,Yes,No,77.3,B
500,Male,25.8,100.0,6.0,3.22,1.0,Medium,Yes,No,78.5,B
501,Female,22.1,74.1,7.0,2.31,0.0,High,Yes,No,68.5,C
502,Female,10.8,72.4,7.3,2.84,0.5,Medium,No,No,60.7,C
503,Female,16.3,90.1,5.7,2.0,5.2,Medium,Yes,Yes,65.5,C
504,Male,15.0,100.0,6.7,1.7,1.2,Medium,Yes,No,64.3,C
505,Female,16.7,85.6,6.7,3.34,4.0,High,No,Yes,75.4,B
506,Female,10.8,90.7,3.9,2.45,4.4,Low,Yes,No,59.9,C
507,Male,14.5,66.6,6.5,3.42,0.1,Low,No,No,59.4,C
508,Female,5.4,78.2,6.6,3.57,8.3,High,Yes,Yes,68.9,C
509,Male,15.8,74.3,6.6,2.53,1.5,High,Yes,No,63.7,C
510,Male,17.7,66.0,8.6,3.25,4.7,Medium,No,No,68.2,C
511,Male,13.6,86.2,5.2,2.5,1.5,Low,No,No,60.4,C
512,Female,5.3,62.6,5.7,1.79,1.3,Low,Yes,Yes,44.4,D
513,Male,20.9,71.8,3.4,2.97,4.3,Medium,Yes,Yes,73.9,B
514,Male,17.2,79.6,6.2,2.62,7.9,High,Yes,Yes,77.5,B
515,Male,10.6,76.7,6.3,2.64,2.4,Medium,Yes,No,68.6,C
516,Male,13.3,89.0,6.1,4.0,0.1,Low,Yes,No,74.2,B
517,Male,6.0,88.1,8.2,1.98,2.0,Low,Yes,Yes,63.0,C
518,Female,8.8,93.9,7.9,3.13,1.0,Medium,Yes,No,80.7,B
519,Male,11.8,92.5,6.9,2.3,2.3,Medium,Yes,Yes,66.9,C
520,Female,22.4,96.4,6.3,3.44,1.6,Low,Yes,No,71.9,B
521,Female,11.2,85.0,8.1,3.08,0.8,Low,Yes,No,60.1,C
522,Male,18.8,88.0,6.8,3.13,0.1,Medium,Yes,No,81.9,B
523,Male,11.8,90.1,5.7,2.33,0.1,Low,Yes,Yes,71.4,B
524,Female,16.5,86.4,4.6,2.44,3.6,Medium,Yes,Yes,64.6,C
525,Male,14.2,81.0,6.2,3.46,1.3,Low,Yes,Yes,66.9,C
526,Male,20.2,81.7,7.8,3.96,8.0,Medium,Yes,No,79.6,B
527,Female,11.8,76.8,9.8,3.19,9.7,High,Yes,No,81.2,B
528,Female,5.6,89.2,6.9,2.36,3.9,High,Yes,Yes,62.0,C
529,Female,6.7,84.1,5.8,3.1,2.6,High,Yes,No,60.2,C
530,Male,11.8,78.4,5.3,4.0,0.9,Medium,Yes,No,81.9,B
531,Female,7.5,78.4,7.5,2.96,1.7,Low,Yes,No,64.0,C
532,Female,17.5,72.9,4.5,3.78,2.4,Medium,Yes,No,74.6,B
533,Male,12.2,94.8,7.5,2.46,6.4,High,Yes,No,72.0,B
534,Female,29.2,85.8,7.9,2.87,3.0,Low,Yes,Yes,79.9,B
535,Male,4.6,76.4,7.4,3.27,0.9,Medium,Yes,Yes,59.7,C
536,Male,16.2,93.1,6.5,3.14,1.5,Medium,Yes,No,70.0,B
537,Female,8.2,79.4,7.5,2.44,9.8,Low,Yes,No,62.6,C
538,Male,12.0,70.9,7.0,2.41,0.7,High,Yes,No,55.3,C
539,Male,15.8,95.2,5.8,3.49,4.1,Medium,Yes,Yes,76.4,B
540,Female,1.0,79.6,9.2,3.61,0.5,Medium,Yes,Yes,67.1,C
541,Female,16.4,80.9,6.3,3.81,0.6,High,Yes,No,76.5,B
542,Female,26.4,85.4,7.8,3.98,6.8,Low,Yes,No,79.7,B
543,Female,12.3,96.4,3.7,2.98,1.8,Low,Yes,Yes,63.3,C
544,Female,16.6,85.2,8.5,2.71,2.0,Medium,Yes,Yes,64.7,C
545,Male,21.1,73.0,8.7,3.71,1.2,Medium,Yes,No,77.9,B
546,Male,14.0,90.4,6.8,3.33,1.4,Medium,Yes,No,72.0,B
547,Male,11.5,80.2,7.5,2.31,1.8,Low,Yes,No,55.1,C
548,Male,1.3,100.0,7.5,2.28,0.8,High,Yes,No,65.9,C
549,Female,18.8,85.0,6.0,3.2,0.6,Medium,No,No,67.8,C
550,Male,14.3,62.6,7.5,2.79,4.6,Medium,Yes,Yes,65.0,C
551,Male,8.9,88.6,5.7,2.88,1.2,Medium,Yes,No,56.9,C
552,Male,15.8,100.0,6.0,3.54,1.9,High,Yes,No,83.3,B
553,Male,11.5,100.0,8.3,3.36,9.5,Medium,Yes,No,71.9,B
554,Female,11.8,100.0,8.1,3.7,0.1,High,Yes,No,80.5,B
555,Male,18.6,74.8,5.9,1.74,0.9,Low,Yes,No,55.5,C
556,Male,7.0,94.1,5.8,3.05,2.2,Medium,Yes,No,66.3,C
557,Male,21.3,77.8,6.0,3.32,6.1,High,Yes,Yes,84.7,B
558,Male,6.6,87.2,7.8,1.98,4.7,Medium,Yes,No,64.5,C
559,Female,11.0,72.3,5.5,2.51,6.4,Medium,Yes,Yes,69.6,C
560,Male,26.5,78.6,7.3,2.4,1.0,High,No,Yes,74.3,B
561,Male,21.8,78.2,7.8,2.91,2.4,Low,Yes,No,72.2,B
562,Male,15.6,94.0,6.7,3.88,7.8,Medium,Yes,No,71.8,B
563,Female,9.4,93.0,8.1,4.0,5.5,High,Yes,No,79.0,B
564,Female,11.8,87.8,6.4,2.41,2.1,High,Yes,No,67.9,C
565,Female,15.4,71.5,6.5,3.22,0.3,High,Yes,No,77.3,B
566,Female,15.2,81.9,5.5,3.24,2.6,High,Yes,Yes,73.1,B
567,Female,14.5,77.5,8.1,3.13,0.1,Low,Yes,No,68.5,C
568,Male,14.8,93.7,5.8,3.14,5.0,High,Yes,No,77.5,B
569,Male,13.7,96.8,7.3,3.08,8.1,Medium,No,No,76.4,B
570,Female,6.3,95.6,6.7,3.91,4.1,Medium,Yes,No,73.8,B
571,Male,11.9,77.4,5.4,3.56,0.9,Medium,No,No,69.3,C
572,Female,20.5,57.6,6.0,2.26,2.0,High,No,Yes,55.7,C
573,Male,6.8,67.3,8.6,3.38,2.2,Medium,Yes,No,59.0,C
574,Female,13.9,99.2,7.1,3.44,1.3,High,No,Yes,66.3,C
575,Female,10.1,81.0,5.5,3.09,6.2,Low,No,Yes,65.9,C
576,Male,15.7,77.5,7.2,3.58,1.3,Low,Yes,Yes,74.7,B
577,Female,12.7,100.0,6.6,3.01,5.8,Medium,Yes,Yes,79.3,B
578,Female,23.9,97.7,10.0,3.02,2.4,Low,Yes,Yes,76.8,B
579,Female,18.0,85.2,7.2,2.97,0.4,Medium,Yes,No,69.8,C
580,Male,7.1,82.1,6.3,1.69,6.5,Medium,Yes,Yes,59.7,C
581,Male,19.0,83.7,8.6,2.85,2.1,Medium,Yes,No,79.9,B
582,Female,10.4,87.3,4.4,2.5,0.3,Low,Yes,No,68.1,C
583,Male,11.5,100.0,6.9,2.19,6.5,Low,Yes,Yes,70.7,B
584,Male,16.9,89.2,9.4,3.76,4.5,Medium,Yes,Yes,83.1,B
585,Female,12.0,92.3,6.6,3.2,1.0,Medium,Yes,No,77.7,B
586,Female,20.4,96.7,4.5,2.88,1.6,Low,Yes,No,69.7,C
587,Male,10.4,73.3,6.3,2.56,7.5,Low,Yes,No,59.3,C
588,Male,11.3,92.5,8.7,3.08,1.3,Low,Yes,Yes,70.2,B
589,Male,11.1,82.1,,3.49,2.6,Medium,Yes,No,67.2,C
590,Male,11.6,59.8,5.7,2.4,4.8,Low,Yes,No,55.9,C
591,Female,21.6,63.7,5.9,2.9,1.3,Medium,No,No,59.3,C
592,Male,18.8,74.8,6.1,3.42,5.9,Medium,Yes,Yes,79.8,B
593,Male,25.3,90.3,7.3,1.74,3.6,Medium,Yes,No,73.4,B
594,Female,28.6,86.1,8.5,2.87,2.4,Medium,Yes,Yes,87.2,A
595,Male,8.8,86.8,8.2,2.64,2.1,Medium,Yes,No,59.5,C
596,Male,15.4,100.0,7.4,2.82,5.6,High,Yes,No,86.3,A
597,Female,7.9,72.3,5.1,2.6,4.1,Medium,Yes,No,53.9,D
598,Female,10.3,84.7,5.1,2.98,1.9,Medium,Yes,Yes,62.9,C
599,Female,11.2,88.0,7.5,4.0,1.3,High,Yes,No,76.1,B
600,Female,8.7,77.6,5.1,2.71,1.4,Medium,Yes,Yes,69.9,C
601,Male,8.7,85.3,6.5,3.08,3.0,Medium,Yes,No,68.9,C
602,Female,14.1,69.0,7.2,4.0,0.1,High,Yes,No,74.6,B
603,Female,7.7,99.1,5.3,2.57,0.5,Low,No,No,55.3,C
604,Female,20.1,78.2,5.5,3.99,8.2,High,Yes,No,75.4,B
605,Female,9.5,100.0,6.7,2.9,4.6,Medium,No,No,72.2,B
606,Female,31.9,84.7,7.5,3.97,4.2,Medium,Yes,No,90.6,A
607,Female,12.3,95.3,8.2,3.35,2.3,Medium,Yes,No,81.0,B
608,Male,15.4,84.5,7.6,3.08,1.0,Low,Yes,No,70.7,B
609,Female,7.2,84.7,6.9,2.86,2.7,High,Yes,No,57.1,C
610,Male,25.2,79.2,5.8,2.53,0.1,Low,Yes,No,62.5,C
611,Female,21.7,86.2,5.4,2.95,2.1,Medium,No,No,71.5,B
612,Female,16.8,88.2,6.1,3.44,0.0,Medium,Yes,Yes,74.0,B
613,Female,6.9,77.2,7.3,2.89,1.4,High,Yes,No,64.8,C
614,Female,16.3,83.7,7.2,2.71,12.7,Low,Yes,Yes,66.1,C
615,Male,8.3,78.9,4.1,2.75,1.2,High,Yes,Yes,70.7,B
616,Female,23.8,100.0,5.8,3.5,3.5,Medium,Yes,No,83.6,B
617,Female,19.9,84.1,8.4,3.64,1.5,High,Yes,No,83.6,B
618,Male,15.6,100.0,6.9,2.5,0.1,Low,Yes,No,65.3,C
619,Male,0.4,83.0,5.0,2.5,0.0,Low,Yes,No,55.2,C
620,Male,9.1,87.6,9.9,3.13,0.5,Medium,Yes,Yes,66.5,C
621,Female,19.1,71.8,6.8,3.82,0.8,Low,Yes,Yes,72.7,B
622,Male,22.3,80.5,7.3,3.59,1.5,Medium,Yes,Yes,67.8,C
623,Female,21.7,87.1,7.3,2.15,0.8,Low,Yes,Yes,61.5,C
624,Male,5.4,100.0,6.3,2.74,2.3,High,No,No,64.6,C
625,Female,16.8,87.2,5.9,2.34,4.5,High,No,No,78.0,B
626,Male,21.1,98.8,9.6,2.74,0.1,High,Yes,No,72.3,B
627,Female,5.0,91.4,8.1,3.86,0.4,High,Yes,Yes,71.6,B
628,Male,15.0,100.0,7.9,2.05,8.6,High,Yes,No,74.9,B
629,Female,16.6,84.4,7.5,1.93,3.9,Medium,Yes,Yes,75.8,B
630,Female,13.2,100.0,5.5,2.4,0.5,Medium,Yes,No,69.1,C
631,Female,3.9,80.1,8.5,3.07,0.2,High,Yes,No,71.2,B
632,Female,13.0,77.3,5.7,3.27,5.8,High,Yes,Yes,72.8,B
633,Male,13.0,72.9,7.2,3.16,7.1,High,No,No,66.4,C
634,Male,14.1,100.0,4.7,3.61,2.2,High,Yes,No,79.1,B
635,Male,11.6,93.2,4.1,1.84,2.3,Low,No,Yes,53.4,D
636,Male,12.3,81.7,7.2,3.61,0.3,High,Yes,No,78.5,B
637,Female,14.8,97.5,5.7,2.71,2.0,High,Yes,No,66.7,C
638,Female,17.7,91.9,4.2,3.34,2.4,Medium,Yes,Yes,79.4,B
639,Female,13.2,100.0,7.5,2.11,8.3,High,Yes,Yes,74.6,B
640,Female,12.5,69.5,9.6,2.9,0.6,Medium,Yes,No,66.4,C
641,Female,15.6,82.3,8.6,3.04,1.3,High,Yes,No,67.7,C
642,Female,3.5,80.4,6.5,3.59,1.9,Low,Yes,No,59.4,C
643,Male,17.9,65.3,6.8,1.95,0.6,High,Yes,No,69.9,C
644,Male,15.0,95.6,8.0,2.92,4.6,Low,Yes,No,70.4,B
645,Female,15.2,82.3,8.3,2.25,1.0,Medium,Yes,No,68.1,C
646,Female,20.8,92.4,6.4,3.2,1.0,Low,Yes,Yes,70.8,B
647,Male,3.3,100.0,,3.37,4.7,Medium,Yes,Yes,72.0,B
648,Male,3.2,81.5,7.2,3.67,0.3,Low,Yes,No,58.3,C
649,Female,16.6,80.8,7.5,2.58,2.3,High,Yes,No,72.5,B
650,Male,15.0,86.2,6.6,3.46,1.1,Medium,Yes,No,75.2,B
651,Male,16.0,94.9,6.6,3.72,1.5,High,No,Yes,79.6,B
652,Female,12.2,79.3,8.6,1.91,2.0,Medium,Yes,No,59.0,C
653,Female,19.0,78.7,8.4,3.27,3.9,Low,Yes,No,70.5,B
654,Male,20.6,95.6,7.4,3.48,2.8,High,Yes,Yes,86.8,A
655,Female,17.9,88.8,9.0,2.74,3.1,High,Yes,Yes,77.4,B
656,Male,13.4,64.6,6.3,2.17,2.6,Medium,Yes,No,59.0,C
657,Female,2.4,72.7,8.9,3.47,2.0,High,Yes,No,77.3,B
658,Male,19.6,100.0,7.5,2.18,5.9,High,Yes,No,72.1,B
659,Female,22.3,89.0,10.0,2.79,0.2,Medium,Yes,Yes,83.0,B
660,Male,18.9,77.4,5.2,2.88,3.3,High,No,No,63.5,C
661,Male,9.7,83.3,5.9,3.33,2.0,High,Yes,Yes,76.3,B
662,Female,19.0,85.1,7.3,2.52,0.6,Medium,Yes,Yes,75.1,B
663,Male,20.2,92.4,7.3,2.49,8.1,Medium,Yes,No,71.9,B
664,Male,24.4,71.4,9.3,2.96,5.8,Low,Yes,Yes,68.8,C
665,Male,9.7,76.6,5.9,3.5,5.9,Low,Yes,No,57.6,C
666,Female,13.6,87.7,8.0,4.0,1.2,High,No,No,73.7,B
667,Female,19.5,84.0,8.3,2.0,2.6,High,No,Yes,71.3,B
668,Female,15.3,90.7,,3.09,3.6,Medium,Yes,Yes,70.7,B
669,Male,8.3,72.7,5.6,2.25,2.4,Medium,Yes,No,59.5,C
670,Male,17.5,88.6,8.6,3.51,3.0,Low,No,Yes,65.7,C
671,Male,18.5,95.9,8.4,2.34,3.0,Medium,Yes,Yes,73.2,B
672,Female,15.5,89.9,7.6,2.5,1.7,High,Yes,No,67.6,C
673,Female,16.3,86.4,7.1,2.55,1.3,Medium,Yes,Yes,70.4,B
674,Female,13.4,84.0,7.1,2.85,1.3,Low,Yes,No,63.7,C
675,Female,23.9,76.7,6.7,3.09,0.5,Medium,Yes,No,68.7,C
676,Male,9.6,84.3,7.6,3.19,5.2,Medium,No,Yes,64.9,C
677,Female,11.5,97.6,6.8,2.9,8.6,High,Yes,No,71.6,B
678,Male,15.1,83.8,5.7,2.1,2.1,High,Yes,No,61.5,C
679,Male,20.3,76.1,5.4,3.34,2.3,Medium,Yes,No,77.7,B
680,Male,6.0,80.1,5.8,2.87,15.0,Medium,Yes,Yes,66.4,C
681,Male,7.1,87.0,7.1,3.6,5.7,Medium,Yes,No,61.8,C
682,Male,2.8,81.3,6.8,2.48,4.4,Medium,Yes,Yes,59.5,C
683,Male,15.2,89.9,7.1,1.94,0.8,Medium,No,No,65.7,C
684,Male,8.3,90.2,7.5,2.88,4.6,Low,Yes,Yes,63.9,C
685,Female,12.7,93.9,6.0,3.68,0.3,High,Yes,No,84.3,B
686,Male,19.0,99.2,8.7,3.0,0.7,Medium,Yes,Yes,75.0,B
687,Male,11.2,95.0,6.5,2.78,2.4,Medium,Yes,No,71.7,B
688,Female,16.4,75.7,6.2,2.38,1.2,Low,Yes,No,66.9,C
689,Female,13.2,76.0,7.4,3.95,1.6,High,No,No,75.1,B
690,Female,19.0,84.2,4.4,2.28,1.4,Low,Yes,Yes,58.9,C
691,Male,17.9,80.5,5.8,2.46,3.4,Medium,Yes,Yes,65.1,C
692,Female,10.8,73.6,8.1,3.24,1.4,High,Yes,No,76.7,B
693,Male,14.0,80.6,4.5,1.79,1.7,Medium,Yes,No,56.6,C
694,Male,21.3,80.3,8.3,3.66,6.8,High,Yes,No,87.0,A
695,Female,17.4,78.3,8.8,3.27,5.9,Low,Yes,Yes,71.5,B
696,Female,6.6,81.8,6.3,3.44,0.2,High,Yes,No,71.0,B
697,Female,18.9,96.8,7.2,3.23,0.9,High,Yes,Yes,75.4,B
698,Female,8.5,87.0,8.3,2.8,6.3,Medium,Yes,Yes,67.6,C
699,Female,23.5,100.0,6.2,2.26,0.1,Medium,Yes,Yes,71.0,B
700,Male,21.1,86.7,7.9,2.82,0.7,Medium,Yes,No,75.1,B
701,Male,16.7,82.1,5.9,2.31,2.9,High,Yes,No,70.0,B
702,Male,15.9,85.0,6.2,3.19,2.7,High,Yes,No,77.3,B
703,Male,13.7,87.6,5.8,3.38,1.9,High,Yes,Yes,74.5,B
704,Female,19.1,89.4,7.2,3.79,1.7,High,Yes,Yes,79.4,B
705,Male,12.8,100.0,8.3,3.12,3.5,Medium,Yes,No,76.1,B
706,Female,16.4,76.5,6.6,3.45,3.9,Medium,Yes,No,68.2,C
707,Female,20.2,93.6,5.1,2.72,5.0,Medium,No,Yes,75.8,B
708,Female,11.6,87.1,5.4,2.61,2.1,High,Yes,Yes,70.0,B
709,Male,11.3,69.3,7.3,3.18,0.5,High,Yes,No,68.1,C
710,Male,7.8,92.7,9.2,2.67,2.7,Medium,No,No,66.8,C
711,Female,8.6,97.7,7.3,3.06,4.1,Low,Yes,No,68.1,C
712,Female,4.0,76.4,6.3,2.26,10.5,Medium,Yes,Yes,54.3,D
713,Female,19.4,84.9,7.8,2.37,2.1,High,No,No,64.5,C
714,Female,25.9,67.7,6.5,3.28,1.3,High,Yes,Yes,83.6,B
715,Female,23.6,72.4,6.3,3.43,6.7,Low,Yes,No,73.6,B
716,Male,5.2,95.5,5.6,2.31,0.1,Low,Yes,Yes,53.2,D
717,Female,19.3,80.3,8.6,3.3,1.4,Medium,No,Yes,74.5,B
718,Male,23.5,73.9,3.5,2.58,2.8,Low,No,No,58.7,C
719,Female,12.3,87.3,7.8,2.91,1.0,High,No,Yes,66.5,C
720,Female,15.6,79.8,6.2,3.75,6.0,Medium,Yes,Yes,71.4,B
721,Male,3.0,80.3,6.3,3.38,2.9,Medium,Yes,No,69.8,C
722,Male,16.6,92.4,9.0,3.38,11.3,Low,No,No,63.9,C
723,Male,8.6,73.4,5.9,4.0,1.8,Medium,Yes,No,66.3,C
724,Female,16.2,75.9,5.9,2.48,0.7,High,Yes,Yes,70.4,B
725,Male,5.6,86.5,6.6,2.31,6.2,Medium,Yes,Yes,71.4,B
726,Male,18.3,94.7,7.3,2.47,2.0,Low,No,No,67.5,C
727,Male,21.1,97.4,6.2,2.75,4.7,Low,Yes,No,68.9,C
728,Male,10.3,78.3,4.8,1.49,2.1,High,Yes,Yes,67.5,C
729,Male,8.2,94.4,5.7,2.78,0.4,High,No,No,59.5,C
730,Male,2.1,77.2,8.5,2.57,0.4,Low,No,No,54.6,D
731,Male,13.4,100.0,6.9,3.37,1.2,Medium,No,Yes,75.1,B
732,Male,11.5,73.7,7.4,3.11,0.4,Low,Yes,No,60.2,C
733,Male,5.7,98.3,6.5,2.54,0.2,Medium,Yes,No,68.4,C
734,Male,17.7,78.4,5.9,3.25,9.0,Low,Yes,Yes,69.7,C
735,Male,12.3,100.0,9.0,3.33,0.8,High,Yes,No,82.3,B
736,Female,8.5,90.9,6.6,2.44,2.4,High,No,Yes,57.4,C
737,Male,11.7,74.8,6.2,2.6,0.1,Low,Yes,Yes,63.5,C
738,Male,21.4,79.8,8.2,1.56,1.6,Medium,Yes,No,63.8,C
739,Male,18.6,92.8,5.9,2.25,0.8,Low,Yes,No,71.2,B
740,Male,14.2,95.5,6.0,2.45,1.7,Medium,Yes,Yes,70.1,B
741,Male,18.7,84.3,6.8,2.94,6.1,Low,No,No,72.1,B
742,Male,8.0,85.4,6.8,2.33,1.2,Medium,Yes,No,65.2,C
743,Female,15.2,92.6,7.1,2.59,3.5,High,Yes,No,73.3,B
744,Male,15.9,86.3,,2.16,1.0,Low,Yes,No,69.1,C
745,Male,12.2,72.1,7.2,3.0,3.7,High,Yes,No,73.9,B
746,Male,17.6,76.9,3.7,3.16,0.5,Low,Yes,Yes,69.2,C
747,Male,10.3,87.4,7.2,3.14,3.6,Medium,No,No,56.1,C
748,Male,18.1,97.2,6.8,2.91,4.0,Medium,Yes,No,70.8,B
749,Female,18.3,100.0,6.9,1.98,0.1,High,Yes,No,78.7,B
750,Female,0.0,92.8,7.1,2.53,0.1,Low,Yes,Yes,54.2,D
751,Male,22.1,87.9,6.8,2.66,3.0,Low,Yes,Yes,76.1,B
752,Male,0.0,92.5,,2.66,1.2,High,Yes,Yes,69.7,C
753,Male,11.3,78.3,7.6,2.94,6.0,High,Yes,No,68.4,C
754,Male,21.2,83.5,6.1,3.76,14.6,Medium,Yes,No,72.1,B
755,Female,13.1,76.8,5.6,3.39,2.3,Low,Yes,No,63.9,C
756,Male,6.2,72.5,10.0,2.31,2.8,Medium,Yes,No,71.3,B
757,Male,8.4,88.3,5.9,3.31,1.0,High,No,Yes,65.5,C
758,Female,21.2,86.9,6.9,3.28,10.3,Medium,Yes,Yes,76.5,B
759,Male,3.5,91.9,4.9,2.42,2.9,Medium,Yes,No,56.7,C
760,Male,21.8,90.5,7.0,3.41,2.1,Medium,Yes,No,83.9,B
761,Female,14.7,87.4,5.6,2.8,1.9,Medium,Yes,No,68.0,C
762,Male,7.8,90.6,6.2,2.05,0.3,High,Yes,Yes,63.3,C
763,Male,11.5,84.6,8.2,3.17,3.4,High,Yes,No,80.7,B
764,Male,8.9,89.1,7.4,3.03,0.6,Low,Yes,No,68.4,C
765,Female,20.2,77.7,7.5,2.76,0.6,High,No,Yes,67.3,C
766,Male,19.4,88.7,4.5,2.88,3.5,Medium,No,Yes,63.9,C
767,Male,4.7,91.7,9.2,2.47,0.2,Medium,Yes,No,70.2,B
768,Male,12.6,78.3,5.3,3.27,2.2,Medium,Yes,No,68.6,C
769,Male,9.8,85.5,8.8,2.87,2.7,High,Yes,No,65.2,C
770,Female,22.8,78.8,8.1,3.0,0.3,Medium,Yes,No,66.4,C
771,Male,6.9,79.7,7.6,3.11,0.9,Medium,Yes,No,61.3,C
772,Female,24.6,73.8,5.7,2.21,4.4,High,Yes,Yes,67.6,C
773,Female,14.8,97.7,7.0,2.36,2.5,Low,Yes,No,57.8,C
774,Female,8.0,95.7,6.2,1.57,1.4,High,Yes,No,58.3,C
775,Male,10.9,90.4,6.8,3.24,0.7,Medium,Yes,No,66.8,C
776,Female,10.2,100.0,6.5,2.17,2.6,Medium,Yes,No,64.4,C
777,Female,7.4,83.1,4.1,2.98,1.2,Medium,Yes,No,71.5,B
778,Male,15.6,100.0,,3.12,1.8,Medium,Yes,Yes,76.7,B
779,Female,7.6,82.7,6.7,3.26,3.2,Medium,Yes,No,67.4,C
780,Female,1.9,87.6,6.2,2.18,5.8,Medium,Yes,No,62.1,C
781,Male,12.7,81.0,6.1,2.86,11.8,High,Yes,Yes,73.2,B
782,Female,4.2,88.7,7.3,3.9,4.2,High,Yes,Yes,78.4,B
783,Male,10.5,93.4,5.6,3.93,3.3,High,Yes,No,79.5,B
784,Female,9.5,83.9,3.9,3.49,11.5,Medium,Yes,Yes,72.7,B
785,Female,9.8,100.0,7.3,3.1,1.0,Medium,Yes,Yes,86.1,A
786,Male,27.0,87.4,7.5,2.3,2.2,Medium,Yes,No,78.5,B
787,Female,15.3,87.7,6.5,3.33,1.9,Low,Yes,No,65.6,C
788,Male,16.5,75.9,5.3,2.81,3.1,High,Yes,No,72.3,B
789,Female,4.3,89.2,6.9,3.24,3.4,Medium,Yes,No,64.2,C
790,Female,11.1,83.7,4.9,2.52,9.4,Medium,Yes,No,67.9,C
791,Male,16.3,78.9,5.5,2.8,0.6,Medium,Yes,No,61.4,C
792,Male,8.9,77.2,5.8,3.0,2.4,Medium,Yes,Yes,61.6,C
793,Male,20.4,100.0,7.9,3.05,1.4,Medium,Yes,No,79.7,B
794,Male,7.8,82.4,6.3,3.2,0.6,Medium,Yes,Yes,72.8,B
795,Male,13.3,70.4,6.2,2.55,0.5,Medium,Yes,No,65.5,C
796,Male,11.5,78.0,9.3,2.09,1.1,Medium,Yes,No,67.6,C
797,Male,16.0,84.5,7.3,3.87,1.3,Low,Yes,Yes,76.9,B
798,Male,11.2,90.5,7.2,4.0,6.9,High,Yes,No,81.3,B
799,Female,13.4,90.5,6.3,3.17,1.4,Low,Yes,No,66.4,C
800,Female,13.6,91.8,6.0,2.11,2.6,Medium,Yes,No,69.4,C
801,Female,10.6,78.6,4.0,2.44,3.2,Medium,Yes,Yes,67.8,C
802,Male,17.9,88.4,8.1,3.21,2.8,Medium,Yes,No,75.4,B
803,Female,16.4,76.2,7.4,3.7,1.6,High,Yes,Yes,78.3,B
804,Female,14.5,78.8,6.6,2.17,7.1,Medium,Yes,No,72.5,B
805,Male,12.4,75.8,6.6,2.83,6.4,High,Yes,No,70.3,B
806,Male,19.8,73.1,7.8,3.02,2.4,High,No,Yes,72.7,B
807,Female,13.6,95.6,4.8,3.42,0.3,Low,Yes,Yes,73.6,B
808,Male,13.2,91.9,6.0,2.69,1.7,Low,Yes,No,65.4,C
809,Male,15.6,94.8,5.3,1.96,1.2,Medium,Yes,No,62.1,C
810,Female,25.2,85.4,9.1,3.27,2.2,Medium,Yes,Yes,83.3,B
811,Male,7.0,92.8,7.9,3.57,1.8,Medium,Yes,No,72.3,B
812,Male,19.6,67.4,3.9,2.85,2.3,Low,Yes,No,71.7,B
813,Female,3.6,93.6,4.8,3.14,3.1,Low,Yes,Yes,68.2,C
814,Female,16.3,86.8,6.6,2.62,3.3,Medium,Yes,No,67.2,C
815,Male,24.5,91.3,6.2,2.39,3.2,Medium,Yes,No,76.9,B
816,Female,17.9,88.8,5.1,3.52,4.0,Medium,Yes,Yes,78.4,B
817,Female,16.0,75.1,9.3,3.13,4.8,High,Yes,No,81.7,B
818,Female,11.6,70.0,7.2,3.19,1.7,Low,Yes,Yes,63.3,C
819,Female,15.2,77.9,7.4,3.8,8.1,Medium,Yes,No,77.1,B
820,Male,13.5,90.6,5.9,2.27,9.7,High,No,No,66.7,C
821,Male,10.3,91.9,7.7,2.57,1.0,Medium,Yes,No,68.0,C
822,Female,13.3,71.3,6.3,2.99,6.9,Medium,Yes,No,63.7,C
823,Male,16.2,75.2,6.4,2.56,3.2,Medium,No,No,65.3,C
824,Female,10.4,77.8,7.6,3.37,2.8,Low,Yes,No,68.7,C
825,Female,10.2,81.4,4.7,2.79,0.6,High,Yes,No,72.9,B
826,Male,6.8,71.4,8.9,2.3,2.7,Medium,No,No,57.0,C
827,Female,17.3,70.8,7.0,2.94,1.7,Medium,Yes,No,66.9,C
828,Male,18.3,76.8,8.5,3.0,16.0,Medium,Yes,Yes,80.8,B
829,Female,16.4,85.9,5.4,3.46,5.1,Medium,Yes,Yes,72.2,B
830,Male,20.8,73.2,5.6,3.14,2.4,Medium,Yes,No,76.3,B
831,Female,15.5,83.8,5.3,3.18,5.1,High,Yes,No,79.4,B
832,Female,17.4,95.6,7.1,3.09,1.9,Medium,Yes,No,81.0,B
833,Male,16.8,72.0,6.9,2.79,0.3,Low,No,No,62.1,C
834,Female,14.5,82.9,6.2,2.47,7.2,Medium,Yes,No,65.6,C
835,Female,11.8,95.2,5.5,3.07,2.7,High,Yes,No,74.4,B
836,Female,28.3,80.8,5.2,2.7,1.2,Medium,No,No,71.7,B
837,Female,12.3,79.3,6.7,3.91,3.7,Medium,Yes,No,71.5,B
838,Female,11.0,96.6,6.2,3.71,6.3,Medium,Yes,Yes,83.6,B
839,Male,17.6,81.9,5.9,3.28,4.6,High,Yes,No,78.9,B
840,Male,16.5,96.0,8.8,3.13,1.6,Medium,Yes,Yes,73.9,B
841,Male,6.6,89.3,6.7,2.85,0.3,High,Yes,No,77.2,B
842,Female,21.7,81.6,8.5,2.14,6.2,Low,Yes,No,68.5,C
843,Female,14.4,89.8,6.1,2.77,2.1,High,Yes,No,67.8,C
844,Male,8.3,88.2,7.1,2.96,0.1,High,Yes,No,66.7,C
845,Male,22.1,95.2,6.7,3.04,0.6,Medium,Yes,No,83.6,B
846,Female,18.8,79.5,4.6,3.18,0.2,Medium,Yes,Yes,80.3,B
847,Male,7.4,85.4,8.7,3.45,3.5,Low,No,No,68.9,C
848,Female,25.7,84.4,6.6,2.48,6.7,Medium,Yes,Yes,82.0,B
849,Male,19.0,92.0,7.8,2.49,4.0,Low,Yes,No,75.3,B
850,Female,14.9,74.7,5.8,3.77,0.7,Low,Yes,No,71.6,B
851,Male,24.5,95.2,6.6,3.36,8.0,High,Yes,No,86.4,A
852,Male,16.0,89.7,5.7,2.67,0.6,Medium,Yes,No,71.6,B
853,Female,14.8,71.8,8.4,2.84,5.8,Medium,Yes,No,72.5,B
854,Female,11.0,97.1,7.2,2.84,2.6,Medium,Yes,No,67.5,C
855,Male,18.5,100.0,7.3,2.92,0.0,Medium,Yes,Yes,80.3,B
856,Male,17.9,95.0,8.6,3.18,0.7,Medium,Yes,Yes,84.9,B
857,Female,15.1,99.3,8.3,4.0,0.3,Medium,Yes,No,79.9,B
858,Female,10.3,85.9,7.8,3.01,2.6,Medium,Yes,No,68.1,C
859,Male,15.8,68.4,5.0,3.3,4.4,High,Yes,No,73.7,B
860,Male,14.6,66.6,5.9,1.89,3.4,Medium,Yes,Yes,58.1,C
861,Female,7.0,87.6,5.5,2.61,6.3,High,Yes,Yes,63.3,C
862,Female,6.2,79.1,7.7,3.64,3.2,Medium,Yes,No,74.8,B
863,Female,18.4,75.9,7.0,3.14,0.6,Medium,No,Yes,66.9,C
864,Female,0.0,84.4,5.0,0.27,3.9,Low,No,No,38.2,F
865,Male,16.2,91.2,6.6,3.3,2.8,Low,Yes,Yes,70.5,B
866,Female,12.1,70.5,4.9,4.0,1.9,High,Yes,Yes,80.8,B
867,Female,22.8,80.5,6.7,1.7,5.9,Medium,Yes,No,71.2,B
868,Female,12.0,100.0,4.6,3.81,13.4,Medium,Yes,No,77.5,B
869,Male,19.0,74.2,7.5,1.24,1.5,High,No,No,54.2,D
870,Male,12.6,93.7,7.3,3.46,2.2,Medium,Yes,No,73.1,B
871,Female,15.7,80.2,9.3,2.89,3.1,High,Yes,No,77.4,B
872,Male,19.4,90.5,7.9,1.49,4.1,Medium,Yes,No,67.7,C
873,Female,12.2,96.0,6.3,3.17,3.9,High,Yes,No,76.3,B
874,Male,21.0,92.4,7.9,3.59,0.3,Medium,Yes,No,80.7,B
875,Female,9.0,94.1,5.0,3.12,0.0,Low,Yes,No,68.8,C
876,Female,16.8,73.5,5.5,3.25,3.0,Medium,Yes,Yes,71.4,B
877,Male,20.5,96.1,7.2,2.65,0.5,Low,Yes,Yes,74.8,B
878,Male,19.0,76.5,4.0,1.78,1.3,High,Yes,No,60.0,C
879,Female,26.5,87.6,6.8,3.32,2.7,Medium,Yes,No,91.3,A
880,Female,10.4,87.6,5.5,3.95,0.5,Low,Yes,Yes,70.4,B
881,Male,6.7,89.9,6.9,3.58,5.1,Low,Yes,Yes,71.2,B
882,Female,9.0,88.4,5.4,1.71,2.6,High,Yes,No,65.2,C
883,Female,19.0,76.6,7.4,1.99,0.2,Medium,Yes,No,63.3,C
884,Male,18.0,71.5,6.8,2.39,0.0,High,Yes,No,68.5,C
885,Male,15.6,93.7,8.6,1.94,1.0,Low,Yes,Yes,66.5,C
886,Male,8.3,86.9,6.8,2.93,1.2,High,Yes,No,65.8,C
887,Male,19.6,96.5,5.8,3.14,2.7,Medium,Yes,No,78.1,B
888,Male,7.7,84.6,6.5,2.04,0.5,Medium,Yes,No,52.9,D
889,Male,22.0,70.9,5.1,3.37,2.4,Medium,Yes,Yes,81.9,B
890,Female,32.1,94.7,7.3,3.26,2.2,Low,Yes,No,85.1,A
891,Male,17.2,81.3,7.6,2.57,1.9,High,No,No,71.2,B
892,Female,18.5,88.4,10.0,2.8,8.0,High,Yes,No,71.6,B
893,Male,12.0,78.5,6.0,1.73,2.4,Medium,Yes,No,56.1,C
894,Male,4.1,100.0,6.5,2.7,0.0,High,Yes,No,74.9,B
895,Female,11.4,76.2,6.1,2.9,2.8,Low,Yes,Yes,83.2,B
896,Female,8.4,81.6,7.1,3.0,0.3,Low,Yes,No,68.7,C
897,Male,6.3,86.1,7.3,3.13,1.3,Low,Yes,No,69.0,C
898,Male,25.3,74.1,6.7,3.05,1.5,Medium,Yes,Yes,78.1,B
899,Male,16.6,88.3,8.2,2.74,1.4,Low,Yes,Yes,66.6,C
900,Female,17.3,100.0,6.0,3.07,0.7,Medium,No,No,75.4,B
901,Male,13.1,80.1,8.1,3.5,4.3,Low,Yes,No,65.4,C
902,Male,14.0,89.0,7.5,2.84,2.6,High,Yes,No,68.5,C
903,Male,20.8,57.5,6.8,3.09,1.7,High,Yes,Yes,67.3,C
904,Male,14.8,84.6,6.4,2.79,6.3,Medium,Yes,Yes,76.1,B
905,Female,18.2,81.9,10.0,2.51,2.3,Low,Yes,Yes,69.9,C
906,Female,13.8,76.8,5.7,3.21,2.2,High,Yes,No,72.4,B
907,Male,12.9,95.8,7.2,2.57,1.2,Low,Yes,No,66.6,C
908,Male,6.6,81.7,5.8,3.13,2.5,High,Yes,No,63.6,C
909,Male,3.1,83.2,9.1,2.92,1.1,Medium,No,No,58.1,C
910,Male,13.4,81.2,8.0,2.72,3.2,Medium,No,Yes,63.4,C
911,Female,15.3,65.8,5.9,2.7,1.4,Low,Yes,No,54.9,D
912,Female,7.3,73.7,7.5,2.6,1.8,High,Yes,No,63.0,C
913,Female,14.8,94.6,7.1,1.91,4.3,High,Yes,No,65.3,C
914,Female,15.3,63.9,6.1,3.13,0.1,Medium,No,Yes,66.3,C
915,Female,2.1,77.3,7.8,3.04,0.7,High,Yes,No,68.8,C
916,Female,9.5,81.0,7.3,3.41,2.9,High,Yes,Yes,68.8,C
917,Male,17.4,100.0,7.1,2.58,0.5,Low,Yes,Yes,70.0,B
918,Male,17.3,92.7,6.7,4.0,2.3,High,Yes,Yes,92.7,A
919,Male,8.1,79.4,,2.67,4.0,Medium,Yes,Yes,61.9,C
920,Female,16.0,98.0,7.1,2.37,0.6,Medium,Yes,Yes,73.9,B
921,Male,21.1,77.6,6.9,2.3,0.5,Low,Yes,No,65.6,C
922,Female,19.7,95.1,6.0,1.86,2.9,High,Yes,Yes,77.8,B
923,Female,14.4,71.4,9.0,3.82,1.1,High,Yes,No,78.4,B
924,Female,12.2,95.7,5.4,3.72,0.1,Medium,Yes,No,72.5,B
925,Male,11.2,80.9,7.4,3.26,1.1,Medium,No,No,66.0,C
926,Male,17.8,74.7,6.4,2.36,1.0,Medium,Yes,No,66.1,C
927,Male,16.2,82.8,9.1,3.99,3.0,High,Yes,No,81.6,B
928,Female,18.8,87.8,5.6,2.69,8.1,High,Yes,Yes,70.9,B
929,Female,15.8,80.1,5.8,2.74,1.6,Medium,Yes,No,73.4,B
930,Female,19.9,90.5,5.5,3.76,1.8,Medium,No,No,79.1,B
931,Male,15.6,79.2,7.2,3.3,1.2,Medium,Yes,No,67.1,C
932,Male,19.7,91.2,5.0,4.0,0.7,Medium,No,No,73.7,B
933,Male,20.2,89.4,6.2,3.05,7.2,Medium,Yes,No,74.8,B
934,Female,10.2,84.4,4.0,2.66,0.9,Low,Yes,No,55.4,C
935,Female,4.2,80.6,7.1,2.53,7.9,Low,Yes,No,51.5,D
936,Male,24.3,86.5,6.1,1.79,1.2,Medium,Yes,No,65.3,C
937,Female,16.5,90.5,4.9,2.73,18.4,High,Yes,No,75.3,B
938,Male,4.7,100.0,8.2,3.59,1.1,Medium,No,No,62.5,C
939,Female,10.7,94.4,5.1,3.26,0.6,Low,No,No,64.2,C
940,Male,19.6,94.8,7.8,2.91,11.8,High,Yes,No,86.6,A
941,Male,13.3,100.0,5.9,2.3,4.0,High,No,No,71.6,B
942,Female,11.9,90.2,8.9,3.04,4.2,Medium,No,Yes,69.7,C
943,Male,23.4,89.8,7.8,3.51,10.1,Low,Yes,Yes,72.7,B
944,Male,8.7,92.0,5.5,3.16,2.9,Medium,Yes,No,72.3,B
945,Male,10.2,74.9,5.6,3.0,0.9,Medium,Yes,Yes,67.0,C
946,Male,16.3,80.6,7.6,2.42,1.8,Medium,Yes,No,69.6,C
947,Female,17.3,79.9,6.5,3.42,0.5,Medium,Yes,No,81.6,B
948,Female,18.0,91.5,6.6,1.02,2.8,Low,No,No,51.4,D
949,Female,20.5,83.3,8.5,3.13,1.7,Medium,Yes,No,62.6,C
950,Male,16.2,86.4,5.8,4.0,0.4,High,Yes,No,74.9,B
951,Female,17.9,95.9,6.9,1.99,1.7,Medium,Yes,No,71.1,B
952,Male,13.4,93.6,8.0,2.76,0.8,Low,Yes,Yes,69.8,C
953,Male,15.4,83.4,7.9,2.9,4.6,Medium,Yes,No,66.1,C
954,Male,15.6,78.3,6.6,2.62,1.8,High,Yes,Yes,65.4,C
955,Female,16.3,96.4,6.4,3.52,3.4,Low,Yes,No,72.7,B
956,Female,19.6,92.7,4.5,3.18,2.8,Medium,Yes,No,69.0,C
957,Female,18.3,68.9,5.4,2.99,0.7,Medium,Yes,No,70.1,B
958,Male,15.3,81.9,7.2,3.38,6.4,Medium,Yes,No,72.2,B
959,Male,10.1,86.7,6.6,2.91,0.5,High,Yes,No,67.7,C
960,Female,15.4,92.8,6.9,4.0,1.0,High,Yes,No,78.3,B
961,Female,14.8,94.1,,2.99,0.1,Medium,Yes,No,74.5,B
962,Male,16.2,87.8,5.3,3.02,3.1,Low,Yes,No,68.5,C
963,Male,28.2,90.9,6.5,1.87,0.5,Medium,Yes,Yes,74.5,B
964,Male,11.9,85.6,7.0,2.57,4.2,Low,Yes,No,65.3,C
965,Female,17.5,78.3,5.9,3.59,1.3,Medium,No,Yes,70.6,B
966,Male,21.4,82.4,8.7,2.1,1.2,High,No,No,64.1,C
967,Female,15.6,85.2,8.0,1.61,0.2,High,Yes,No,63.1,C
968,Male,29.0,84.7,7.2,2.92,5.9,Medium,Yes,Yes,79.1,B
969,Female,12.7,66.1,9.1,3.72,11.0,Medium,Yes,No,83.2,B
970,Male,16.9,81.0,4.9,2.93,1.1,Low,No,Yes,57.3,C
971,Male,10.2,85.6,6.8,2.7,1.2,Medium,Yes,Yes,66.0,C
972,Male,12.9,82.2,7.3,1.78,2.7,Low,Yes,Yes,61.3,C
973,Male,16.5,82.5,5.6,3.17,2.1,High,Yes,Yes,74.4,B
974,Female,20.1,89.9,7.2,3.3,7.9,High,Yes,No,86.2,A
975,Male,16.9,74.2,5.4,1.83,2.6,Low,Yes,No,57.2,C
976,Female,22.6,68.7,7.7,3.58,9.9,Medium,Yes,No,76.6,B
977,Male,14.4,81.5,8.2,3.36,6.0,Medium,Yes,No,77.7,B
978,Male,13.0,92.6,7.2,3.58,1.7,High,Yes,No,86.3,A
979,Female,31.2,100.0,4.4,3.25,1.6,Medium,Yes,No,88.9,A
980,Male,17.4,92.8,5.5,3.29,4.2,Low,Yes,No,71.6,B
981,Female,10.7,70.3,7.5,3.21,5.1,Medium,Yes,Yes,69.2,C
982,Female,10.8,82.7,6.8,3.42,2.3,Low,No,No,63.9,C
983,Female,9.3,87.6,3.3,1.81,0.0,Medium,Yes,No,58.6,C
984,Male,20.6,86.8,8.4,2.0,3.4,Low,No,Yes,60.7,C
985,Male,12.8,90.4,7.0,2.46,5.2,Medium,Yes,No,72.8,B
986,Female,15.8,75.8,5.7,2.82,0.5,High,No,Yes,68.4,C
987,Male,14.6,85.6,8.1,3.13,4.8,Low,Yes,Yes,71.7,B
988,Male,19.4,89.2,5.9,3.09,1.4,Medium,Yes,No,68.2,C
989,Male,9.9,93.3,5.9,3.57,1.1,High,Yes,Yes,77.2,B
990,Female,8.5,76.9,7.3,3.59,2.4,Low,No,No,54.1,D
991,Female,16.3,81.5,9.1,2.38,4.3,Medium,No,No,62.9,C
992,Female,18.6,58.0,8.9,3.04,1.5,Medium,Yes,Yes,67.7,C
993,Female,17.0,78.8,7.3,2.39,1.7,Medium,Yes,No,68.6,C
994,Male,10.1,79.8,7.4,2.79,2.7,High,Yes,No,77.9,B
995,Female,19.1,74.8,7.8,3.09,9.6,Medium,Yes,No,76.7,B
996,Male,10.5,86.7,5.2,0.85,1.0,Medium,Yes,No,60.9,C
997,Female,11.9,84.4,7.6,4.0,0.6,Low,Yes,No,75.3,B
998,Male,9.3,62.4,5.8,3.24,2.7,Low,Yes,No,65.7,C
999,Female,22.8,87.2,7.2,2.54,1.8,Low,Yes,Yes,80.0,B
1000,Male,18.8,75.7,6.5,4.0,1.3,High,No,Yes,73.7,B
1001,Male,18.6,89.9,7.5,2.69,4.3,High,Yes,Yes,74.1,B
1002,Male,22.5,72.2,7.0,2.98,2.9,High,Yes,No,78.4,B
1003,Male,31.9,85.3,3.0,2.61,0.6,Low,Yes,Yes,73.0,B
1004,Male,4.7,82.2,7.0,3.89,11.3,Medium,Yes,No,73.5,B
1005,Female,10.6,88.0,7.6,2.84,4.6,High,Yes,No,71.3,B
1006,Male,11.3,86.2,7.4,2.99,0.4,Medium,Yes,No,66.4,C
1007,Female,9.9,82.4,6.7,3.62,4.5,Low,Yes,No,76.1,B
1008,Male,8.5,69.6,8.9,3.25,6.9,High,Yes,No,66.4,C
1009,Female,13.2,70.2,7.2,2.87,4.2,Low,Yes,No,66.8,C
1010,Male,7.7,79.2,7.4,3.57,2.2,Low,Yes,Yes,70.3,B
1011,Female,17.0,84.9,8.2,4.0,0.9,High,Yes,No,74.7,B
1012,Female,15.3,78.9,7.3,3.09,7.0,Medium,Yes,Yes,69.6,C
1013,Male,17.9,91.3,5.6,2.97,4.4,Medium,Yes,No,70.4,B
1014,Female,18.0,82.2,3.6,3.0,6.3,Medium,Yes,No,73.1,B
1015,Male,18.6,75.3,6.2,3.69,1.6,High,Yes,Yes,77.1,B
1016,Male,12.8,82.2,7.8,2.54,0.4,Low,Yes,Yes,64.8,C
1017,Female,27.7,87.3,6.3,2.73,1.2,High,Yes,No,72.6,B
1018,Female,16.4,88.2,7.8,1.98,4.3,Medium,Yes,No,78.1,B
1019,Male,3.8,100.0,7.0,2.19,2.1,Low,Yes,No,60.7,C
1020,Male,9.0,78.3,8.5,2.59,1.7,Medium,Yes,Yes,68.6,C
1021,Female,4.6,84.3,6.4,2.87,2.2,Medium,Yes,Yes,63.0,C
1022,Female,15.1,89.3,7.4,3.96,8.7,Low,Yes,No,73.9,B
1023,Female,14.3,84.8,7.5,3.22,2.0,Medium,Yes,No,80.9,B
1024,Female,12.2,80.0,8.8,2.35,5.2,Medium,Yes,Yes,59.6,C
1025,Female,27.1,69.5,4.6,2.46,0.4,Medium,Yes,Yes,71.5,B
1026,Male,18.3,79.9,6.2,3.72,1.7,High,Yes,No,72.9,B
1027,Female,19.4,74.3,7.9,3.58,0.1,High,Yes,No,76.0,B
1028,Male,9.4,67.7,8.8,2.92,0.4,Medium,Yes,No,61.9,C
1029,Female,9.0,77.0,7.1,2.63,0.8,Medium,Yes,No,59.2,C
1030,Male,15.2,74.5,6.4,3.57,2.3,Medium,Yes,No,72.1,B
1031,Female,16.0,90.8,7.8,2.3,8.7,Medium,Yes,No,59.5,C
1032,Female,3.9,91.0,7.9,3.14,4.3,Low,Yes,Yes,65.5,C
1033,Male,13.9,76.0,6.3,4.0,0.0,Medium,Yes,Yes,74.5,B
1034,Female,15.1,82.4,7.2,3.02,0.6,Low,Yes,No,61.4,C
1035,Male,13.7,66.4,8.3,2.43,7.2,Medium,No,No,68.0,C
1036,Female,10.1,80.1,9.3,3.15,16.3,High,Yes,No,73.9,B
1037,Male,11.8,89.0,7.8,2.62,3.9,Medium,Yes,Yes,69.4,C
1038,Male,13.9,93.2,6.9,2.06,5.4,Medium,Yes,Yes,66.2,C
1039,Male,15.5,77.9,6.7,3.32,3.1,Medium,Yes,Yes,72.9,B
1040,Male,18.6,95.5,7.5,3.57,3.8,Medium,Yes,No,85.5,A
1041,Male,21.5,69.8,6.6,2.71,5.3,Medium,Yes,No,81.2,B
1042,Female,13.2,72.5,7.0,2.67,1.4,Medium,No,No,64.6,C
1043,Female,12.3,92.1,5.4,2.32,0.9,High,Yes,No,73.4,B
1044,Female,17.6,100.0,8.5,2.81,1.2,Low,Yes,Yes,81.9,B
1045,Male,18.7,89.9,5.3,2.56,6.0,Medium,Yes,No,72.3,B
1046,Male,12.4,84.6,6.2,2.29,0.8,Medium,Yes,Yes,72.9,B
1047,Male,19.7,63.0,6.9,4.0,8.7,High,Yes,Yes,84.5,B
1048,Female,20.9,64.8,,3.18,1.3,High,Yes,No,76.3,B
1049,Female,22.8,86.3,6.3,3.24,0.2,High,Yes,No,80.6,B
1050,Male,25.7,81.4,5.9,3.43,7.4,Medium,Yes,Yes,72.5,B
1051,Female,9.8,73.9,6.1,3.36,4.6,Low,Yes,Yes,67.7,C
1052,Male,15.1,85.7,9.0,2.65,7.1,Medium,Yes,No,65.0,C
1053,Male,15.1,86.2,3.1,3.06,2.0,High,Yes,Yes,65.8,C
1054,Male,14.4,94.4,5.5,2.74,1.3,High,Yes,No,73.7,B
1055,Male,11.1,86.4,10.0,3.16,5.1,High,No,No,67.3,C
1056,Female,6.1,97.3,7.6,3.11,2.5,Low,Yes,Yes,68.5,C
1057,Female,15.6,85.1,5.4,2.67,1.4,High,Yes,Yes,73.1,B
1058,Male,10.4,83.8,6.7,2.1,1.9,High,No,Yes,64.0,C
1059,Female,15.5,95.6,6.9,2.99,1.6,Medium,Yes,No,69.3,C
1060,Female,10.2,75.2,7.9,2.78,0.0,Medium,No,Yes,66.7,C
1061,Female,8.4,100.0,9.2,1.77,1.2,Medium,Yes,No,64.5,C
1062,Female,16.4,88.8,7.3,3.2,3.5,Medium,Yes,Yes,78.0,B
1063,Male,15.9,88.8,6.1,3.48,0.0,Medium,Yes,No,68.7,C
1064,Female,18.5,90.3,7.8,4.0,1.9,Low,Yes,Yes,78.4,B
1065,Male,28.1,100.0,5.9,2.67,2.2,High,Yes,Yes,88.1,A
1066,Female,16.7,92.9,5.5,2.58,0.2,High,Yes,No,76.8,B
1067,Male,17.9,68.9,4.5,2.23,3.4,High,Yes,No,62.3,C
1068,Female,8.5,99.0,4.8,3.03,9.4,Medium,Yes,Yes,69.8,C
1069,Male,7.3,81.6,5.6,3.02,7.9,Low,Yes,Yes,60.6,C
1070,Male,24.5,86.1,5.3,2.41,0.6,Medium,Yes,No,68.3,C
1071,Female,9.5,72.2,7.2,2.8,0.3,High,Yes,Yes,61.9,C
1072,Female,8.7,90.3,5.2,1.71,4.1,Medium,No,Yes,57.0,C
1073,Male,14.8,78.5,3.0,3.46,10.4,High,Yes,No,77.0,B
1074,Female,14.5,86.0,5.4,2.44,0.1,Medium,Yes,Yes,63.8,C
1075,Female,9.6,82.2,6.2,2.88,1.2,Medium,Yes,No,65.5,C
1076,Male,13.2,100.0,6.0,2.04,0.6,High,Yes,No,68.5,C
1077,Female,22.4,100.0,8.8,2.55,1.2,Low,Yes,No,78.7,B
1078,Male,10.2,85.5,6.0,2.73,4.0,High,No,No,62.8,C
1079,Female,6.6,85.6,7.9,2.89,0.2,Medium,Yes,No,63.7,C
1080,Male,20.7,81.3,6.8,3.19,2.4,Low,Yes,No,67.6,C
1081,Male,18.0,96.1,6.7,3.76,0.3,Low,No,Yes,68.4,C
1082,Female,11.3,81.7,5.7,3.34,0.0,High,Yes,Yes,75.7,B
1083,Female,5.5,80.8,6.7,3.48,0.4,Medium,Yes,No,66.5,C
1084,Female,10.5,94.8,5.8,3.77,0.1,High,Yes,Yes,78.7,B
1085,Female,14.7,79.6,7.0,3.24,3.5,High,Yes,Yes,81.8,B
1086,Female,22.0,84.6,6.5,2.88,1.0,Medium,Yes,Yes,80.9,B
1087,Female,8.8,69.2,5.6,3.51,1.4,High,Yes,No,61.5,C
1088,Female,14.5,92.0,8.1,3.54,1.1,High,Yes,Yes,83.6,B
1089,Male,19.1,100.0,7.4,3.29,0.9,Low,Yes,No,76.3,B
1090,Male,0.7,92.2,6.2,2.03,6.5,High,Yes,No,60.4,C
1091,Male,21.2,99.6,7.0,2.4,2.1,Medium,Yes,No,75.5,B
1092,Female,7.9,76.5,6.7,2.74,2.1,Medium,No,Yes,53.2,D
1093,Male,17.0,87.4,5.7,3.37,2.4,Medium,Yes,No,80.5,B
1094,Male,16.5,75.6,6.9,2.89,0.4,High,No,Yes,71.4,B
1095,Female,21.5,82.7,6.0,3.58,1.6,Low,Yes,No,69.8,C
1096,Male,18.3,92.7,5.6,3.69,3.0,Medium,Yes,No,75.2,B
1097,Male,0.7,86.0,4.7,3.62,3.2,Medium,Yes,Yes,59.4,C
1098,Female,10.3,70.9,6.3,3.62,1.2,Low,Yes,No,63.9,C
1099,Female,15.8,71.8,7.5,2.28,0.3,High,Yes,No,65.1,C
1100,Male,13.8,71.2,5.9,3.19,1.6,High,Yes,No,64.6,C
1101,Male,17.9,89.9,10.0,2.54,6.5,Low,Yes,No,74.9,B
1102,Male,19.7,100.0,8.0,1.91,3.2,Low,Yes,No,74.2,B
1103,Female,18.7,98.6,8.5,2.73,1.2,High,Yes,No,78.3,B
1104,Female,13.7,66.0,7.8,3.69,13.4,Low,No,No,65.5,C
1105,Male,3.9,99.2,9.2,3.18,2.8,Low,Yes,Yes,71.6,B
1106,Female,12.3,94.4,,4.0,11.9,High,Yes,No,82.0,B
1107,Male,17.5,69.5,3.5,3.01,1.9,High,Yes,No,64.4,C
1108,Male,8.5,82.0,6.2,4.0,0.6,Medium,No,No,64.9,C
1109,Female,18.8,96.0,7.5,3.01,1.0,Medium,Yes,No,74.4,B
1110,Male,20.5,90.5,7.0,2.91,4.9,High,Yes,Yes,81.1,B
1111,Male,15.8,71.9,7.2,2.13,2.5,Medium,Yes,No,63.7,C
1112,Male,0.0,91.1,8.5,3.57,0.5,Medium,Yes,Yes,70.8,B
1113,Female,7.3,63.6,7.3,2.6,6.5,High,Yes,Yes,58.7,C
1114,Female,26.3,82.8,7.8,2.51,0.9,Medium,Yes,No,77.2,B
1115,Female,11.7,96.4,5.6,3.67,5.6,Medium,Yes,Yes,77.0,B
1116,Male,3.1,85.2,5.4,3.59,0.1,Medium,No,Yes,75.3,B
1117,Male,22.4,80.0,8.9,3.58,3.9,Medium,No,Yes,75.3,B
1118,Female,15.1,93.9,6.9,2.68,0.1,Medium,No,No,68.1,C
1119,Male,21.6,94.7,6.0,2.87,2.9,Medium,No,No,84.2,B
1120,Female,16.7,98.1,6.0,2.86,1.4,Medium,Yes,No,73.9,B
1121,Female,17.8,93.7,6.0,3.37,7.3,High,No,Yes,77.4,B
1122,Male,17.2,95.8,5.9,3.83,1.7,Medium,No,No,70.2,B
1123,Female,19.2,92.3,5.1,3.12,7.2,Low,Yes,Yes,80.9,B
1124,Male,28.7,87.7,4.8,4.0,2.1,Medium,Yes,No,78.2,B
1125,Male,20.8,85.9,6.5,3.44,0.2,Low,Yes,No,75.2,B
1126,Female,5.5,82.6,6.0,2.76,0.8,High,Yes,Yes,65.2,C
1127,Male,17.7,72.9,8.2,3.4,1.8,Medium,Yes,No,72.3,B
1128,Female,21.8,75.4,7.2,3.92,8.6,Medium,Yes,Yes,75.1,B
1129,Female,22.2,82.2,7.1,4.0,0.8,High,Yes,No,89.3,A
1130,Female,12.4,87.4,5.8,3.61,6.0,Low,Yes,Yes,71.2,B
1131,Female,22.0,99.4,6.6,2.92,3.4,Low,Yes,No,69.1,C
1132,Male,20.6,84.6,7.3,2.77,5.2,High,No,No,78.3,B
1133,Male,30.4,95.0,7.7,3.25,2.1,Medium,Yes,No,81.6,B
1134,Female,10.5,95.8,6.7,3.9,0.8,High,Yes,No,80.3,B
1135,Female,12.0,82.7,8.2,3.16,1.0,High,Yes,Yes,78.8,B
1136,Male,13.2,90.9,6.8,3.17,2.3,High,No,No,73.4,B
1137,Male,12.1,82.6,7.8,2.93,4.9,Low,No,No,53.0,D
1138,Male,9.7,98.2,6.2,2.7,2.8,High,Yes,Yes,76.4,B
1139,Male,0.0,91.4,4.4,2.8,7.4,High,Yes,Yes,66.4,C
1140,Female,12.4,73.1,7.1,2.98,0.0,Low,Yes,Yes,63.5,C
1141,Male,17.2,86.6,7.7,3.93,0.3,High,Yes,Yes,82.4,B
1142,Female,12.0,100.0,7.5,2.76,2.0,Medium,Yes,No,64.4,C
1143,Female,26.6,83.2,7.3,2.93,0.9,High,Yes,No,80.5,B
1144,Female,15.1,89.5,6.3,2.38,4.0,Medium,Yes,No,62.2,C
1145,Male,22.7,90.5,5.8,3.33,1.6,Medium,Yes,No,76.1,B
1146,Male,16.6,74.6,7.5,3.72,5.6,Low,Yes,Yes,74.5,B
1147,Female,20.0,90.1,7.4,3.87,4.2,High,Yes,No,88.8,A
1148,Female,16.7,71.1,6.1,3.02,7.6,Medium,Yes,Yes,67.5,C
1149,Male,23.2,78.7,8.2,3.24,0.4,Low,Yes,Yes,81.3,B
1150,Female,15.3,95.8,5.7,2.81,1.5,Low,Yes,Yes,74.0,B
1151,Male,18.0,88.6,6.0,3.22,0.5,High,Yes,Yes,76.2,B
1152,Female,17.2,82.0,8.9,3.09,3.6,Low,No,No,62.1,C
1153,Male,13.3,89.5,7.9,2.93,0.6,Medium,Yes,No,64.6,C
1154,Male,17.4,84.4,6.3,2.98,2.1,Medium,Yes,Yes,74.4,B
1155,Female,28.4,85.1,7.2,3.17,3.9,Medium,Yes,Yes,78.3,B
1156,Male,13.4,91.6,7.0,2.72,2.4,Medium,Yes,No,75.4,B
1157,Male,17.5,77.7,3.2,2.75,3.1,Low,No,Yes,58.1,C
1158,Male,22.5,85.4,5.6,3.92,0.2,High,Yes,No,78.2,B
1159,Male,21.8,81.9,6.7,4.0,1.9,High,Yes,No,83.9,B
1160,Female,15.1,69.1,6.3,2.18,1.2,Medium,Yes,No,58.8,C
1161,Male,0.7,75.8,7.1,2.14,1.2,Medium,Yes,No,56.0,C
1162,Female,18.1,100.0,8.3,2.33,2.9,Medium,No,No,73.7,B
1163,Female,1.7,88.8,6.4,2.84,4.1,High,Yes,No,67.1,C
1164,Male,23.8,71.8,5.4,3.44,1.0,Medium,Yes,No,74.6,B
1165,Male,16.0,69.6,7.2,3.25,3.8,Medium,Yes,No,71.3,B
1166,Female,21.0,83.9,6.4,3.0,4.2,High,Yes,No,69.5,C
1167,Female,9.6,100.0,6.6,3.22,0.4,Low,Yes,No,70.7,B
1168,Female,5.7,83.1,6.4,2.48,9.3,Medium,Yes,No,64.5,C
1169,Female,16.6,98.1,9.7,2.75,4.9,Low,Yes,Yes,78.7,B
1170,Male,14.8,88.5,3.9,2.89,7.3,Medium,Yes,No,72.6,B
1171,Male,12.1,89.7,6.3,1.95,1.8,Medium,No,No,58.6,C
1172,Female,15.5,71.6,6.8,2.2,0.9,High,Yes,No,70.8,B
1173,Male,31.6,94.4,5.8,2.23,0.1,Medium,Yes,Yes,76.4,B
1174,Female,20.0,81.7,8.0,3.36,5.1,Low,Yes,Yes,76.4,B
1175,Male,21.3,93.6,7.9,3.05,10.8,High,Yes,Yes,82.7,B
1176,Female,20.1,76.9,6.7,3.27,2.6,High,Yes,No,78.7,B
1177,Male,23.9,86.8,6.4,1.8,1.8,Medium,Yes,No,66.9,C
1178,Male,13.9,88.5,6.7,2.01,3.1,High,Yes,No,75.7,B
1179,Male,2.7,83.5,6.7,3.3,0.3,Medium,No,Yes,71.6,B
1180,Male,13.9,89.0,6.7,1.23,0.7,Medium,Yes,Yes,65.6,C
1181,Female,19.9,82.3,,3.63,2.4,Low,Yes,No,80.6,B
1182,Male,9.2,78.5,7.1,1.81,2.0,Low,No,No,45.4,D
1183,Male,13.9,100.0,7.8,3.41,8.2,High,Yes,No,75.0,B
1184,Male,10.8,95.5,5.2,2.37,2.2,High,Yes,Yes,68.9,C
1185,Male,24.0,77.4,5.4,3.53,1.2,Low,Yes,Yes,74.7,B
1186,Female,19.5,90.7,4.5,4.0,1.4,Low,Yes,No,74.7,B
1187,Male,18.9,77.6,7.9,1.54,2.8,High,Yes,No,59.3,C
1188,Female,18.7,73.2,7.1,3.32,0.4,Low,Yes,Yes,75.8,B
1189,Male,14.8,95.3,7.5,1.82,1.1,Medium,Yes,No,75.9,B
1190,Female,16.2,68.0,4.9,3.16,0.9,Low,Yes,No,69.7,C
1191,Male,7.9,94.3,9.1,2.78,7.6,Low,Yes,No,72.8,B
1192,Male,1.9,82.5,6.0,2.98,1.1,Medium,Yes,No,63.2,C
1193,Female,15.9,82.9,7.0,2.35,0.9,High,Yes,No,66.1,C
1194,Female,16.9,89.1,7.9,3.37,0.5,Medium,Yes,No,75.9,B
1195,Female,22.3,90.8,5.5,2.03,1.7,Medium,Yes,No,78.7,B
1196,Male,24.4,76.7,6.1,3.64,0.1,High,Yes,No,78.5,B
1197,Male,24.4,92.2,7.0,2.65,2.9,Medium,No,No,69.9,C
1198,Female,9.0,86.1,10.0,2.06,3.2,High,Yes,No,73.0,B
1199,Male,12.9,72.4,7.2,3.86,0.3,Medium,Yes,Yes,78.8,B
1200,Female,17.9,83.3,8.9,2.86,0.1,Medium,No,Yes,66.1,C
